trait	tissue	omics	qtl_name	probe_id	gene	chr	pos	top_snp	b_smr	se_smr	p_smr	p_heidi	nsnp_heidi	p_bonf_panel	M_panel	source_file
Delirium	Brain	eQTL	eQTL_BrainMeta	ENSG00000186567.13	CEACAM19	19	44673316	rs714948	0.107122	0.0232003	3.888354e-06	0.04437259	20	4.75556400989157e-06	10514	Delirium Brain Pituitary eQTL.tsv
Delirium	Pituitary	eQTL	eQTL_GTEx_Pituitary	ENSG00000186567.12	CEACAM19	19	44666958	rs714948	0.142554	0.0334455	2.023384e-05	0.6211899	14	2.08159866777685e-05	2402	Delirium Brain Pituitary eQTL.tsv
Delirium	Brain	mQTL	mQTL_BrainMeta	cg02613937	TOMM40	19	44892040	rs59007384	-1.11716	0.19797	1.670595e-08	0.3095639	10	3.42747463668769e-06	14588	Delirium Brain Pituitary mQTL.tsv
Delirium	Blood	pQTL	pQTL_INTERVAL	APOE.5312.49.3	APOE	19	45410828	rs814573	1.78389	0.239779	1.008926e-13	0.05515713	17	8.11688311688312e-05	616	Delirium Blood pQTL.tsv
Ferritin	Blood	eQTL	eQTL_eQTLGen	ENSG00000110911	SLC11A2	12	51003984	rs1095998	0.204454	0.0228582	3.738353e-19	0.01690985	20	4.5004500450045e-06	11110	Ferritin Blood Spleen eQTL.tsv
Ferritin	Blood	eQTL	eQTL_eQTLGen	ENSG00000050426	LETMD1	12	51054193	rs7972608	-0.173048	0.0197065	1.616645e-18	0.06853245	20	4.5004500450045e-06	11110	Ferritin Blood Spleen eQTL.tsv
Ferritin	Pituitary	eQTL	eQTL_GTEx_Pituitary	ENSG00000128699.13	ORMDL1	2	189770323	rs6741074	-0.0708801	0.00886102	1.253353e-15	0.01884743	20	2.0772746157042e-05	2407	Ferritin Brain Pituitary eQTL.tsv
Ferritin	Blood	eQTL	eQTL_eQTLGen	ENSG00000101294	HM13	20	31546166	rs6119489	-0.0672057	0.00841461	1.384973e-15	0.4046212	20	4.5004500450045e-06	11110	Ferritin Blood Spleen eQTL.tsv
Ferritin	Brain	eQTL	eQTL_GTEx_Brain_Hypothalamus	ENSG00000108384.14	RAD51C	17	58692573	rs67014405	0.0700105	0.00939771	9.352866e-14	0.01928188	20	4.00962309542903e-05	1247	Ferritin Brain Pituitary eQTL.tsv
Ferritin	Spleen	eQTL	eQTL_GTEx_Spleen	ENSG00000140263.13	SORD	15	45023104	rs4774514	0.211777	0.029529	7.401219e-13	0.05677628	17	1.68463611859838e-05	2968	Ferritin Blood Spleen eQTL.tsv
Ferritin	Spleen	eQTL	eQTL_GTEx_Spleen	ENSG00000108384.14	RAD51C	17	58692573	rs28687626	-0.0856771	0.0124146	5.152869e-12	0.01755686	20	1.68463611859838e-05	2968	Ferritin Blood Spleen eQTL.tsv
Ferritin	Brain	eQTL	eQTL_GTEx_Brain_Cerebellar_Hemisphere	ENSG00000128699.13	ORMDL1	2	189770323	rs10207346	-0.0876407	0.013108	2.293034e-11	0.0163762	20	1.83755972069092e-05	2721	Ferritin Brain Pituitary eQTL.tsv
Ferritin	Brain	eQTL	eQTL_GTEx_Brain_Nucleus_accumbens_basal_ganglia	ENSG00000108384.14	RAD51C	17	58692573	rs12948424	0.0836703	0.012881	8.268119e-11	0.02472485	20	2.55232261357836e-05	1959	Ferritin Brain Pituitary eQTL.tsv
Ferritin	Brain	eQTL	eQTL_GTEx_Brain_Frontal_Cortex_BA9	ENSG00000140263.13	SORD	15	45023104	rs4774514	0.155658	0.024505	2.124025e-10	0.3295977	20	2.82326369282891e-05	1771	Ferritin Brain Pituitary eQTL.tsv
Ferritin	Brain	eQTL	eQTL_GTEx_Brain_Spinal_cord_cervical_c-1	ENSG00000128699.13	ORMDL1	2	189770323	rs6756571	-0.0668404	0.0107499	5.042911e-10	0.5335206	20	4.66417910447761e-05	1072	Ferritin Brain Pituitary eQTL.tsv
Ferritin	Brain	eQTL	eQTL_GTEx_Brain_Nucleus_accumbens_basal_ganglia	ENSG00000140263.13	SORD	15	45023104	rs4774514	0.183845	0.029879	7.603551e-10	0.1103752	6	2.55232261357836e-05	1959	Ferritin Brain Pituitary eQTL.tsv
Ferritin	Brain	eQTL	eQTL_GTEx_Brain_Putamen_basal_ganglia	ENSG00000128699.13	ORMDL1	2	189770323	rs4667299	-0.0842756	0.0137635	9.176868e-10	0.02176146	20	2.9868578255675e-05	1674	Ferritin Brain Pituitary eQTL.tsv
Ferritin	Brain	eQTL	eQTL_GTEx_Brain_Hippocampus	ENSG00000108384.14	RAD51C	17	58692573	rs10515159	0.116782	0.0192102	1.208007e-09	0.0242267	20	3.90930414386239e-05	1279	Ferritin Brain Pituitary eQTL.tsv
Ferritin	Brain	eQTL	eQTL_GTEx_Brain_Nucleus_accumbens_basal_ganglia	ENSG00000187045.16	TMPRSS6	22	37065436	rs5756505	0.0902031	0.0152087	3.010626e-09	0.1623876	20	2.55232261357836e-05	1959	Ferritin Brain Pituitary eQTL.tsv
Ferritin	Brain	eQTL	eQTL_GTEx_Brain_Hippocampus	ENSG00000128699.13	ORMDL1	2	189770323	rs2289226	-0.0847177	0.0143506	3.560715e-09	0.05043507	20	3.90930414386239e-05	1279	Ferritin Brain Pituitary eQTL.tsv
Ferritin	Blood	eQTL	eQTL_eQTLGen	ENSG00000174136	RGMB	5	98783646	rs331552	0.0469049	0.00801984	4.956882e-09	0.03213335	20	4.5004500450045e-06	11110	Ferritin Blood Spleen eQTL.tsv
Ferritin	Blood	eQTL	eQTL_eQTLGen	ENSG00000073969	NSF	17	46674066	rs62074125	-0.0929813	0.0159777	5.904832e-09	0.3685369	20	4.5004500450045e-06	11110	Ferritin Blood Spleen eQTL.tsv
Ferritin	Blood	eQTL	eQTL_eQTLGen	ENSG00000109920	FNBP4	11	47741968	rs11039337	0.147463	0.0256795	9.331727e-09	0.04645091	20	4.5004500450045e-06	11110	Ferritin Blood Spleen eQTL.tsv
Ferritin	Brain	eQTL	eQTL_GTEx_Brain_Cerebellar_Hemisphere	ENSG00000163811.11	WDR43	2	28894643	rs4666145	-0.0822374	0.0144106	1.151596e-08	0.5222911	18	1.83755972069092e-05	2721	Ferritin Brain Pituitary eQTL.tsv
Ferritin	Blood	eQTL	eQTL_eQTLGen	ENSG00000166927	MS4A7	11	60387218	rs7935082	-0.0833613	0.01462	1.185055e-08	0.3988038	20	4.5004500450045e-06	11110	Ferritin Blood Spleen eQTL.tsv
Ferritin	Liver	eQTL	eQTL_GTEx_Liver	ENSG00000005379.15	TSPOAP1	17	58301231	rs8263	-0.141957	0.0250892	1.5307e-08	0.02496681	20	3.20512820512821e-05	1560	Ferritin Liver Kidney eQTL.tsv
Ferritin	Pituitary	eQTL	eQTL_GTEx_Pituitary	ENSG00000171763.18	SPATA5L1	15	45402331	rs60476496	-0.0432294	0.00764142	1.538178e-08	0.09471349	20	2.0772746157042e-05	2407	Ferritin Brain Pituitary eQTL.tsv
Ferritin	Liver	eQTL	eQTL_GTEx_Liver	ENSG00000175164.13	ABO	9	133250401	rs600038	-0.0783975	0.0139123	1.749503e-08	0.03440743	16	3.20512820512821e-05	1560	Ferritin Liver Kidney eQTL.tsv
Ferritin	Blood	eQTL	eQTL_eQTLGen	ENSG00000166928	MS4A14	11	60398143	rs3816270	0.0288588	0.00518795	2.656881e-08	0.4114025	20	4.5004500450045e-06	11110	Ferritin Blood Spleen eQTL.tsv
Ferritin	Brain	eQTL	eQTL_GTEx_Brain_Caudate_basal_ganglia	ENSG00000128309.16	MPST	22	37019641	rs5756487	0.133369	0.023978	2.664681e-08	0.4636343	20	2.42718446601942e-05	2060	Ferritin Brain Pituitary eQTL.tsv
Ferritin	Brain	eQTL	eQTL_BrainMeta	ENSG00000166928.11	MS4A14	11	60398143	rs950803	0.0298942	0.00539578	3.01971e-08	0.1169807	20	4.75330354596445e-06	10519	Ferritin Brain Pituitary eQTL.tsv
Ferritin	Brain	eQTL	eQTL_GTEx_Brain_Anterior_cingulate_cortex_BA24	ENSG00000128699.13	ORMDL1	2	189770323	rs2017410	-0.0775746	0.0140461	3.33563e-08	0.02176145	19	4.32900432900433e-05	1155	Ferritin Brain Pituitary eQTL.tsv
Ferritin	Brain	eQTL	eQTL_GTEx_Brain_Cerebellum	ENSG00000140263.13	SORD	15	45023104	rs4774514	0.154195	0.0279205	3.339389e-08	0.6157535	20	1.47275405007364e-05	3395	Ferritin Brain Pituitary eQTL.tsv
Ferritin	Brain	eQTL	eQTL_GTEx_Brain_Cerebellar_Hemisphere	ENSG00000140263.13	SORD	15	45023104	rs4774514	0.180209	0.0327318	3.678632e-08	0.1634354	13	1.83755972069092e-05	2721	Ferritin Brain Pituitary eQTL.tsv
Ferritin	Brain	eQTL	eQTL_BrainMeta	ENSG00000174485.16	DENND4A	15	65725170	rs1061554	-0.0510877	0.00928876	3.799071e-08	0.1615634	20	4.75330354596445e-06	10519	Ferritin Brain Pituitary eQTL.tsv
Ferritin	Brain	eQTL	eQTL_GTEx_Brain_Nucleus_accumbens_basal_ganglia	ENSG00000189350.12	TOGARAM2	2	28956611	rs74175081	0.0411099	0.00748985	4.047849e-08	0.01542941	20	2.55232261357836e-05	1959	Ferritin Brain Pituitary eQTL.tsv
Ferritin	Brain	eQTL	eQTL_BrainMeta	ENSG00000103199.14	ZNF500	16	4757931	rs12599765	0.0387025	0.0070583	4.175552e-08	0.3284185	20	4.75330354596445e-06	10519	Ferritin Brain Pituitary eQTL.tsv
Ferritin	Blood	eQTL	eQTL_eQTLGen	ENSG00000104154	SLC30A4	15	45501180	rs1554521	0.388608	0.0712276	4.873547e-08	0.1776616	20	4.5004500450045e-06	11110	Ferritin Blood Spleen eQTL.tsv
Ferritin	Brain	eQTL	eQTL_GTEx_Brain_Cerebellum	ENSG00000103199.13	ZNF500	16	4748239	rs3747603	0.0333794	0.00615531	5.865036e-08	0.7052521	20	1.47275405007364e-05	3395	Ferritin Brain Pituitary eQTL.tsv
Ferritin	Brain	eQTL	eQTL_BrainMeta	ENSG00000115107.20	STEAP3	2	119244742	rs838108	-0.0402223	0.00752065	8.880748e-08	0.2461573	20	4.75330354596445e-06	10519	Ferritin Brain Pituitary eQTL.tsv
Ferritin	Pituitary	eQTL	eQTL_GTEx_Pituitary	ENSG00000108384.14	RAD51C	17	58692573	rs35082010	0.099563	0.0187231	1.051159e-07	0.1751946	12	2.0772746157042e-05	2407	Ferritin Brain Pituitary eQTL.tsv
Ferritin	Blood	eQTL	eQTL_eQTLGen	ENSG00000074603	DPP8	15	65480084	rs12594547	0.126534	0.0242229	1.753564e-07	0.1176043	20	4.5004500450045e-06	11110	Ferritin Blood Spleen eQTL.tsv
Ferritin	Pituitary	eQTL	eQTL_GTEx_Pituitary	ENSG00000103199.13	ZNF500	16	4748239	rs12599765	0.0308738	0.00592253	1.858669e-07	0.7179068	20	2.0772746157042e-05	2407	Ferritin Brain Pituitary eQTL.tsv
Ferritin	Spleen	eQTL	eQTL_GTEx_Spleen	ENSG00000166928.10	MS4A14	11	60396014	rs950803	0.0255838	0.00493103	2.121989e-07	0.134367	20	1.68463611859838e-05	2968	Ferritin Blood Spleen eQTL.tsv
Ferritin	Blood	eQTL	eQTL_eQTLGen	ENSG00000134852	CLOCK	4	55487406	rs11133386	-0.0775302	0.0150393	2.534127e-07	0.3706934	20	4.5004500450045e-06	11110	Ferritin Blood Spleen eQTL.tsv
Ferritin	Brain	eQTL	eQTL_GTEx_Brain_Caudate_basal_ganglia	ENSG00000176920.11	FUT2	19	48695971	rs571689	-0.0613616	0.0120914	3.878524e-07	0.04071892	20	2.42718446601942e-05	2060	Ferritin Brain Pituitary eQTL.tsv
Ferritin	Brain	eQTL	eQTL_GTEx_Brain_Cerebellar_Hemisphere	ENSG00000103199.13	ZNF500	16	4748239	rs12599765	0.0300789	0.0059544	4.382435e-07	0.5526801	20	1.83755972069092e-05	2721	Ferritin Brain Pituitary eQTL.tsv
Ferritin	Pituitary	eQTL	eQTL_GTEx_Pituitary	ENSG00000166928.10	MS4A14	11	60396014	rs4290252	0.0354456	0.0070171	4.387841e-07	0.1539592	20	2.0772746157042e-05	2407	Ferritin Brain Pituitary eQTL.tsv
Ferritin	Brain	eQTL	eQTL_GTEx_Brain_Putamen_basal_ganglia	ENSG00000128309.16	MPST	22	37019641	rs5756489	0.128746	0.0255149	4.513367e-07	0.01439233	20	2.9868578255675e-05	1674	Ferritin Brain Pituitary eQTL.tsv
Ferritin	Blood	eQTL	eQTL_eQTLGen	ENSG00000214022	REPIN1	7	150371116	rs1132261	0.0666506	0.0132415	4.817013e-07	0.0993157	20	4.5004500450045e-06	11110	Ferritin Blood Spleen eQTL.tsv
Ferritin	Blood	eQTL	eQTL_eQTLGen	ENSG00000132781	MUTYH	1	45335028	rs12739418	0.0649401	0.0129697	5.526463e-07	0.5167811	20	4.5004500450045e-06	11110	Ferritin Blood Spleen eQTL.tsv
Ferritin	Brain	eQTL	eQTL_BrainMeta	ENSG00000214022.11	REPIN1	7	150371117	rs35435439	0.0366459	0.00733397	5.83113e-07	0.08994938	20	4.75330354596445e-06	10519	Ferritin Brain Pituitary eQTL.tsv
Ferritin	Brain	eQTL	eQTL_GTEx_Brain_Amygdala	ENSG00000189350.12	TOGARAM2	2	28956611	rs7569310	0.0394847	0.00791289	6.040429e-07	0.0387467	20	6.51041666666667e-05	768	Ferritin Brain Pituitary eQTL.tsv
Ferritin	Pituitary	eQTL	eQTL_GTEx_Pituitary	ENSG00000108443.13	RPS6KB1	17	59893046	rs7221472	-0.153946	0.0309124	6.355846e-07	0.01051889	6	2.0772746157042e-05	2407	Ferritin Brain Pituitary eQTL.tsv
Ferritin	Brain	eQTL	eQTL_BrainMeta	ENSG00000134851.13	TMEM165	4	55424677	rs7677952	0.0321714	0.00646029	6.36281e-07	0.9202606	20	4.75330354596445e-06	10519	Ferritin Brain Pituitary eQTL.tsv
Ferritin	Brain	eQTL	eQTL_BrainMeta	ENSG00000124205.18	EDN3	20	59313217	rs197184	-0.0404805	0.00815949	7.007429e-07	0.5331056	15	4.75330354596445e-06	10519	Ferritin Brain Pituitary eQTL.tsv
Ferritin	Blood	eQTL	eQTL_eQTLGen	ENSG00000171552	BCL2L1	20	31694220	rs6088962	0.357403	0.0720818	7.111157e-07	0.04953011	20	4.5004500450045e-06	11110	Ferritin Blood Spleen eQTL.tsv
Ferritin	Blood	eQTL	eQTL_eQTLGen	ENSG00000124657	OR2B6	6	27957712	rs13214703	-0.578295	0.116801	7.379514e-07	0.1030322	12	4.5004500450045e-06	11110	Ferritin Blood Spleen eQTL.tsv
Ferritin	Brain	eQTL	eQTL_BrainMeta	ENSG00000134569.10	LRP4	11	46887679	rs12417519	0.0384392	0.00778395	7.881995e-07	0.03855755	20	4.75330354596445e-06	10519	Ferritin Brain Pituitary eQTL.tsv
Ferritin	Spleen	eQTL	eQTL_GTEx_Spleen	ENSG00000189050.15	RNFT1	17	59952240	rs76419616	0.168197	0.0340788	7.993374e-07	0.08798633	9	1.68463611859838e-05	2968	Ferritin Blood Spleen eQTL.tsv
Ferritin	Brain	eQTL	eQTL_GTEx_Brain_Spinal_cord_cervical_c-1	ENSG00000171763.18	SPATA5L1	15	45402331	rs1618874	-0.037013	0.0075026	8.082927e-07	0.03514463	18	4.66417910447761e-05	1072	Ferritin Brain Pituitary eQTL.tsv
Ferritin	Liver	eQTL	eQTL_GTEx_Liver	ENSG00000171056.7	SOX7	8	10723768	rs6999206	0.0717849	0.0145826	8.539007e-07	0.07395541	20	3.20512820512821e-05	1560	Ferritin Liver Kidney eQTL.tsv
Ferritin	Blood	eQTL	eQTL_eQTLGen	ENSG00000102858	MGRN1	16	4653734	rs841228	-0.0465593	0.00949886	9.507369e-07	0.2943431	20	4.5004500450045e-06	11110	Ferritin Blood Spleen eQTL.tsv
Ferritin	Brain	eQTL	eQTL_GTEx_Brain_Cortex	ENSG00000171763.18	SPATA5L1	15	45402331	rs7402632	-0.0447302	0.00915344	1.025363e-06	0.1908528	19	2.09117524048515e-05	2391	Ferritin Brain Pituitary eQTL.tsv
Ferritin	Brain	eQTL	eQTL_GTEx_Brain_Nucleus_accumbens_basal_ganglia	ENSG00000103199.13	ZNF500	16	4748239	rs62036067	0.042387	0.00870608	1.123556e-06	0.9170666	20	2.55232261357836e-05	1959	Ferritin Brain Pituitary eQTL.tsv
Ferritin	Brain	eQTL	eQTL_GTEx_Brain_Putamen_basal_ganglia	ENSG00000005379.15	TSPOAP1	17	58301231	rs1859400	0.108134	0.0222584	1.184954e-06	0.09156692	11	2.9868578255675e-05	1674	Ferritin Brain Pituitary eQTL.tsv
Ferritin	Blood	eQTL	eQTL_eQTLGen	ENSG00000004534	RBM6	3	50020026	rs2245365	-0.0206044	0.00424398	1.203994e-06	0.1478181	20	4.5004500450045e-06	11110	Ferritin Blood Spleen eQTL.tsv
Ferritin	Brain	eQTL	eQTL_GTEx_Brain_Nucleus_accumbens_basal_ganglia	ENSG00000142233.11	NTN5	19	48661407	rs601338	-0.0683336	0.0141059	1.270493e-06	0.3591808	20	2.55232261357836e-05	1959	Ferritin Brain Pituitary eQTL.tsv
Ferritin	Brain	eQTL	eQTL_GTEx_Brain_Caudate_basal_ganglia	ENSG00000103199.13	ZNF500	16	4748239	rs3747603	0.0378004	0.00780765	1.288932e-06	0.9370272	20	2.42718446601942e-05	2060	Ferritin Brain Pituitary eQTL.tsv
Ferritin	Brain	eQTL	eQTL_GTEx_Brain_Caudate_basal_ganglia	ENSG00000005379.15	TSPOAP1	17	58301231	rs1859400	0.111187	0.0229678	1.291871e-06	0.080078	10	2.42718446601942e-05	2060	Ferritin Brain Pituitary eQTL.tsv
Ferritin	Liver	eQTL	eQTL_GTEx_Liver	ENSG00000166928.10	MS4A14	11	60396014	rs3816270	0.0274749	0.00568503	1.345882e-06	0.3496387	20	3.20512820512821e-05	1560	Ferritin Liver Kidney eQTL.tsv
Ferritin	Brain	eQTL	eQTL_BrainMeta	ENSG00000149485.19	FADS1	11	61814472	rs174537	0.0265754	0.00549913	1.347217e-06	0.131459	20	4.75330354596445e-06	10519	Ferritin Brain Pituitary eQTL.tsv
Ferritin	Blood	eQTL	eQTL_eQTLGen	ENSG00000149485	FADS1	11	61814472	rs61896141	-0.0361696	0.00751737	1.498219e-06	0.1048376	20	4.5004500450045e-06	11110	Ferritin Blood Spleen eQTL.tsv
Ferritin	Brain	eQTL	eQTL_GTEx_Brain_Putamen_basal_ganglia	ENSG00000103199.13	ZNF500	16	4748239	rs3747603	0.0384217	0.00799666	1.549742e-06	0.8368429	20	2.9868578255675e-05	1674	Ferritin Brain Pituitary eQTL.tsv
Ferritin	Blood	eQTL	eQTL_eQTLGen	ENSG00000182179	UBA7	3	49809581	rs7374277	-0.0263207	0.00549191	1.646094e-06	0.03878115	20	4.5004500450045e-06	11110	Ferritin Blood Spleen eQTL.tsv
Ferritin	Brain	eQTL	eQTL_BrainMeta	ENSG00000004534.15	RBM6	3	50020026	rs2245365	-0.0180845	0.00377343	1.64638e-06	0.290934	20	4.75330354596445e-06	10519	Ferritin Brain Pituitary eQTL.tsv
Ferritin	Brain	eQTL	eQTL_GTEx_Brain_Putamen_basal_ganglia	ENSG00000176920.11	FUT2	19	48695971	rs2548459	-0.0512055	0.0106904	1.669047e-06	0.2141855	19	2.9868578255675e-05	1674	Ferritin Brain Pituitary eQTL.tsv
Ferritin	Spleen	eQTL	eQTL_GTEx_Spleen	ENSG00000142233.11	NTN5	19	48661407	rs281377	-0.064769	0.0135403	1.723212e-06	0.07819272	19	1.68463611859838e-05	2968	Ferritin Blood Spleen eQTL.tsv
Ferritin	Blood	eQTL	eQTL_eQTLGen	ENSG00000170180	GYPA	4	144125027	rs13107492	-0.10931	0.0228924	1.79754e-06	0.1746697	20	4.5004500450045e-06	11110	Ferritin Blood Spleen eQTL.tsv
Ferritin	Blood	eQTL	eQTL_eQTLGen	ENSG00000136448	NMT1	17	45033504	rs9899380	-0.083339	0.0175307	1.995439e-06	0.01189734	20	4.5004500450045e-06	11110	Ferritin Blood Spleen eQTL.tsv
Ferritin	Brain	eQTL	eQTL_BrainMeta	ENSG00000102858.13	MGRN1	16	4653733	rs841225	-0.0161405	0.00341508	2.287293e-06	0.0758041	20	4.75330354596445e-06	10519	Ferritin Brain Pituitary eQTL.tsv
Ferritin	Brain	eQTL	eQTL_GTEx_Brain_Hypothalamus	ENSG00000166928.10	MS4A14	11	60396014	rs4939348	0.0427559	0.00909586	2.594161e-06	0.06528083	20	4.00962309542903e-05	1247	Ferritin Brain Pituitary eQTL.tsv
Ferritin	Brain	eQTL	eQTL_GTEx_Brain_Cortex	ENSG00000103199.13	ZNF500	16	4748239	rs9673738	0.0418312	0.00893138	2.818429e-06	0.8260216	20	2.09117524048515e-05	2391	Ferritin Brain Pituitary eQTL.tsv
Ferritin	Brain	eQTL	eQTL_GTEx_Brain_Cerebellum	ENSG00000149485.18	FADS1	11	61799625	rs174561	0.0198887	0.00424906	2.858725e-06	0.5303503	20	1.47275405007364e-05	3395	Ferritin Brain Pituitary eQTL.tsv
Ferritin	Brain	eQTL	eQTL_BrainMeta	ENSG00000161999.13	JMJD8	16	683099	rs6597	0.0455135	0.00975531	3.078526e-06	0.02016704	20	4.75330354596445e-06	10519	Ferritin Brain Pituitary eQTL.tsv
Ferritin	Blood	eQTL	eQTL_eQTLGen	ENSG00000244405	ETV5	3	186078316	rs4234589	0.0839505	0.0181089	3.554469e-06	0.03687011	20	4.5004500450045e-06	11110	Ferritin Blood Spleen eQTL.tsv
Ferritin	Brain	eQTL	eQTL_GTEx_Brain_Cerebellum	ENSG00000102858.12	MGRN1	16	4616493	rs841225	-0.013901	0.00301367	3.975755e-06	0.1665627	20	1.47275405007364e-05	3395	Ferritin Brain Pituitary eQTL.tsv
Ferritin	Spleen	eQTL	eQTL_GTEx_Spleen	ENSG00000103199.13	ZNF500	16	4748239	rs2061212	0.0367775	0.00797812	4.030733e-06	0.4590201	20	1.68463611859838e-05	2968	Ferritin Blood Spleen eQTL.tsv
Ferritin	Brain	eQTL	eQTL_GTEx_Brain_Hypothalamus	ENSG00000176909.11	MAMSTR	19	48712742	rs2287921	-0.0383283	0.00831605	4.046927e-06	0.01345802	20	4.00962309542903e-05	1247	Ferritin Brain Pituitary eQTL.tsv
Ferritin	Blood	eQTL	eQTL_eQTLGen	ENSG00000134825	TMEM258	11	61780652	rs174538	-0.0482863	0.0105204	4.437352e-06	0.0358208	20	4.5004500450045e-06	11110	Ferritin Blood Spleen eQTL.tsv
Ferritin	Brain	eQTL	eQTL_GTEx_Brain_Hypothalamus	ENSG00000142233.11	NTN5	19	48661407	rs281380	-0.0607855	0.013273	4.658175e-06	0.2502213	20	4.00962309542903e-05	1247	Ferritin Brain Pituitary eQTL.tsv
Ferritin	Brain	eQTL	eQTL_GTEx_Brain_Cerebellum	ENSG00000004534.14	RBM6	3	49940007	rs4688756	-0.0239387	0.00523442	4.800328e-06	0.09310856	20	1.47275405007364e-05	3395	Ferritin Brain Pituitary eQTL.tsv
Ferritin	Brain	eQTL	eQTL_GTEx_Brain_Cerebellar_Hemisphere	ENSG00000103742.11	IGDCC4	15	65381464	rs28405186	0.0282355	0.00617412	4.803149e-06	0.0661477	20	1.83755972069092e-05	2721	Ferritin Brain Pituitary eQTL.tsv
Ferritin	Spleen	eQTL	eQTL_GTEx_Spleen	ENSG00000102858.12	MGRN1	16	4616493	rs841225	-0.020202	0.00443632	5.269054e-06	0.06930709	20	1.68463611859838e-05	2968	Ferritin Blood Spleen eQTL.tsv
Ferritin	Brain	eQTL	eQTL_GTEx_Brain_Cerebellar_Hemisphere	ENSG00000102858.12	MGRN1	16	4616493	rs841225	-0.0154455	0.00339774	5.472474e-06	0.1669989	20	1.83755972069092e-05	2721	Ferritin Brain Pituitary eQTL.tsv
Ferritin	Brain	eQTL	eQTL_GTEx_Brain_Cerebellum	ENSG00000164078.12	MST1R	3	49887002	rs9848497	0.0315186	0.0069369	5.529625e-06	0.01330479	20	1.47275405007364e-05	3395	Ferritin Brain Pituitary eQTL.tsv
Ferritin	Brain	eQTL	eQTL_GTEx_Brain_Caudate_basal_ganglia	ENSG00000102858.12	MGRN1	16	4616493	rs841225	-0.0197592	0.00435244	5.630666e-06	0.02065072	20	2.42718446601942e-05	2060	Ferritin Brain Pituitary eQTL.tsv
Ferritin	Pituitary	eQTL	eQTL_GTEx_Pituitary	ENSG00000102858.12	MGRN1	16	4616493	rs841225	-0.0215986	0.00475803	5.641618e-06	0.4481745	20	2.0772746157042e-05	2407	Ferritin Brain Pituitary eQTL.tsv
Ferritin	Brain	eQTL	eQTL_GTEx_Brain_Cortex	ENSG00000102858.12	MGRN1	16	4616493	rs841225	-0.0248055	0.00546794	5.71858e-06	0.07635876	20	2.09117524048515e-05	2391	Ferritin Brain Pituitary eQTL.tsv
Ferritin	Liver	eQTL	eQTL_GTEx_Liver	ENSG00000189350.12	TOGARAM2	2	28956611	rs74175081	0.0589793	0.0130022	5.730326e-06	0.01386458	17	3.20512820512821e-05	1560	Ferritin Liver Kidney eQTL.tsv
Ferritin	Brain	eQTL	eQTL_GTEx_Brain_Hypothalamus	ENSG00000103199.13	ZNF500	16	4748239	rs963712	0.0393978	0.0087064	6.035302e-06	0.8973106	20	4.00962309542903e-05	1247	Ferritin Brain Pituitary eQTL.tsv
Ferritin	Brain	eQTL	eQTL_GTEx_Brain_Cortex	ENSG00000004534.14	RBM6	3	49940007	rs4688756	-0.0272406	0.00602917	6.2385e-06	0.1405502	20	2.09117524048515e-05	2391	Ferritin Brain Pituitary eQTL.tsv
Ferritin	Pituitary	eQTL	eQTL_GTEx_Pituitary	ENSG00000004534.14	RBM6	3	49940007	rs11130234	-0.0235334	0.00521643	6.44023e-06	0.3564399	20	2.0772746157042e-05	2407	Ferritin Brain Pituitary eQTL.tsv
Ferritin	Brain	eQTL	eQTL_GTEx_Brain_Substantia_nigra	ENSG00000171763.18	SPATA5L1	15	45402331	rs1346266	-0.0393863	0.00874157	6.617459e-06	0.08451552	10	7.18390804597701e-05	696	Ferritin Brain Pituitary eQTL.tsv
Ferritin	Brain	eQTL	eQTL_GTEx_Brain_Putamen_basal_ganglia	ENSG00000102858.12	MGRN1	16	4616493	rs841225	-0.0212937	0.00474818	7.304727e-06	0.123152	20	2.9868578255675e-05	1674	Ferritin Brain Pituitary eQTL.tsv
Ferritin	Brain	eQTL	eQTL_GTEx_Brain_Hypothalamus	ENSG00000102858.12	MGRN1	16	4616493	rs841225	-0.0194966	0.00435945	7.739806e-06	0.4537994	20	4.00962309542903e-05	1247	Ferritin Brain Pituitary eQTL.tsv
Ferritin	Brain	eQTL	eQTL_GTEx_Brain_Nucleus_accumbens_basal_ganglia	ENSG00000102858.12	MGRN1	16	4616493	rs841225	-0.0238157	0.00532816	7.829892e-06	0.184816	20	2.55232261357836e-05	1959	Ferritin Brain Pituitary eQTL.tsv
Ferritin	Brain	eQTL	eQTL_GTEx_Brain_Anterior_cingulate_cortex_BA24	ENSG00000171763.18	SPATA5L1	15	45402331	rs1145085	-0.0469124	0.010503	7.948142e-06	0.3600372	11	4.32900432900433e-05	1155	Ferritin Brain Pituitary eQTL.tsv
Ferritin	Brain	eQTL	eQTL_GTEx_Brain_Spinal_cord_cervical_c-1	ENSG00000102858.12	MGRN1	16	4616493	rs841225	-0.0185516	0.00415517	8.017751e-06	0.3050226	20	4.66417910447761e-05	1072	Ferritin Brain Pituitary eQTL.tsv
Ferritin	Brain	eQTL	eQTL_GTEx_Brain_Nucleus_accumbens_basal_ganglia	ENSG00000176909.11	MAMSTR	19	48712742	rs676388	-0.0636548	0.0142716	8.186053e-06	0.1305318	20	2.55232261357836e-05	1959	Ferritin Brain Pituitary eQTL.tsv
Ferritin	Brain	eQTL	eQTL_GTEx_Brain_Hippocampus	ENSG00000166928.10	MS4A14	11	60396014	rs6591578	0.0455435	0.0102133	8.226249e-06	0.0338427	20	3.90930414386239e-05	1279	Ferritin Brain Pituitary eQTL.tsv
Ferritin	Brain	eQTL	eQTL_GTEx_Brain_Cerebellar_Hemisphere	ENSG00000149485.18	FADS1	11	61799625	rs174562	0.0225649	0.00508391	9.059214e-06	0.1257576	20	1.83755972069092e-05	2721	Ferritin Brain Pituitary eQTL.tsv
Ferritin	Brain	eQTL	eQTL_GTEx_Brain_Nucleus_accumbens_basal_ganglia	ENSG00000004534.14	RBM6	3	49940007	rs2245365	-0.0367632	0.00830151	9.489164e-06	0.2402395	20	2.55232261357836e-05	1959	Ferritin Brain Pituitary eQTL.tsv
Ferritin	Brain	eQTL	eQTL_GTEx_Brain_Hippocampus	ENSG00000176909.11	MAMSTR	19	48712742	rs584768	-0.0542503	0.0122568	9.5926e-06	0.1580633	20	3.90930414386239e-05	1279	Ferritin Brain Pituitary eQTL.tsv
Ferritin	Brain	eQTL	eQTL_GTEx_Brain_Frontal_Cortex_BA9	ENSG00000102858.12	MGRN1	16	4616493	rs1045518	-0.0262841	0.0059585	1.027993e-05	0.2805953	20	2.82326369282891e-05	1771	Ferritin Brain Pituitary eQTL.tsv
Ferritin	Brain	eQTL	eQTL_GTEx_Brain_Cerebellar_Hemisphere	ENSG00000142233.11	NTN5	19	48661407	rs584768	-0.0628487	0.0142552	1.039352e-05	0.4450571	12	1.83755972069092e-05	2721	Ferritin Brain Pituitary eQTL.tsv
Ferritin	Brain	eQTL	eQTL_GTEx_Brain_Cerebellum	ENSG00000103742.11	IGDCC4	15	65381464	rs28405186	0.0313097	0.00710614	1.052948e-05	0.177003	20	1.47275405007364e-05	3395	Ferritin Brain Pituitary eQTL.tsv
Ferritin	Brain	eQTL	eQTL_GTEx_Brain_Hippocampus	ENSG00000102858.12	MGRN1	16	4616493	rs841225	-0.0257569	0.00585334	1.080669e-05	0.3900562	20	3.90930414386239e-05	1279	Ferritin Brain Pituitary eQTL.tsv
Ferritin	Brain	eQTL	eQTL_GTEx_Brain_Putamen_basal_ganglia	ENSG00000176909.11	MAMSTR	19	48712742	rs35866622	-0.0378565	0.00860316	1.080987e-05	0.01441517	20	2.9868578255675e-05	1674	Ferritin Brain Pituitary eQTL.tsv
Ferritin	Spleen	eQTL	eQTL_GTEx_Spleen	ENSG00000158825.5	CDA	1	20588948	rs477190	-0.0852617	0.0193828	1.088381e-05	0.6662273	17	1.68463611859838e-05	2968	Ferritin Blood Spleen eQTL.tsv
Ferritin	Brain	eQTL	eQTL_GTEx_Brain_Cortex	ENSG00000142233.11	NTN5	19	48661407	rs8112983	-0.0450827	0.0102596	1.111739e-05	0.04756231	20	2.09117524048515e-05	2391	Ferritin Brain Pituitary eQTL.tsv
Ferritin	Brain	eQTL	eQTL_GTEx_Brain_Cortex	ENSG00000149485.18	FADS1	11	61799625	rs174560	0.0553268	0.0126128	1.151632e-05	0.1372865	20	2.09117524048515e-05	2391	Ferritin Brain Pituitary eQTL.tsv
Ferritin	Brain	eQTL	eQTL_GTEx_Brain_Substantia_nigra	ENSG00000102858.12	MGRN1	16	4616493	rs841225	-0.0162416	0.00370455	1.163932e-05	0.4976424	20	7.18390804597701e-05	696	Ferritin Brain Pituitary eQTL.tsv
Ferritin	Pituitary	eQTL	eQTL_GTEx_Pituitary	ENSG00000176920.11	FUT2	19	48695971	rs281395	0.052776	0.0120506	1.189405e-05	0.08633261	20	2.0772746157042e-05	2407	Ferritin Brain Pituitary eQTL.tsv
Ferritin	Brain	eQTL	eQTL_GTEx_Brain_Nucleus_accumbens_basal_ganglia	ENSG00000176920.11	FUT2	19	48695971	rs838145	-0.0429096	0.00980576	1.209031e-05	0.02060368	20	2.55232261357836e-05	1959	Ferritin Brain Pituitary eQTL.tsv
Ferritin	Brain	eQTL	eQTL_GTEx_Brain_Frontal_Cortex_BA9	ENSG00000004534.14	RBM6	3	49940007	rs2240329	-0.0377704	0.00863924	1.231357e-05	0.1615883	20	2.82326369282891e-05	1771	Ferritin Brain Pituitary eQTL.tsv
Ferritin	Brain	eQTL	eQTL_GTEx_Brain_Caudate_basal_ganglia	ENSG00000004534.14	RBM6	3	49940007	rs2240329	-0.0406268	0.00930487	1.264379e-05	0.1472724	20	2.42718446601942e-05	2060	Ferritin Brain Pituitary eQTL.tsv
Ferritin	Brain	eQTL	eQTL_GTEx_Brain_Cerebellum	ENSG00000164068.15	RNF123	3	49689502	rs10865958	0.0411652	0.00947856	1.405621e-05	0.3686209	20	1.47275405007364e-05	3395	Ferritin Brain Pituitary eQTL.tsv
Ferritin	Pituitary	eQTL	eQTL_GTEx_Pituitary	ENSG00000110514.19	MADD	11	47269161	rs10501320	0.0518184	0.0119665	1.489172e-05	0.02299169	20	2.0772746157042e-05	2407	Ferritin Brain Pituitary eQTL.tsv
Ferritin	Brain	eQTL	eQTL_GTEx_Brain_Substantia_nigra	ENSG00000166928.10	MS4A14	11	60396014	rs60334615	0.0431989	0.0099941	1.543103e-05	0.5460499	20	7.18390804597701e-05	696	Ferritin Brain Pituitary eQTL.tsv
Ferritin	Spleen	eQTL	eQTL_GTEx_Spleen	ENSG00000113303.11	BTNL8	5	180899077	rs72494581	-0.0191786	0.00444711	1.613507e-05	0.2745922	20	1.68463611859838e-05	2968	Ferritin Blood Spleen eQTL.tsv
Ferritin	Brain	eQTL	eQTL_GTEx_Brain_Caudate_basal_ganglia	ENSG00000101306.10	MYLK2	20	31819308	rs7265413	0.0750349	0.0174026	1.619944e-05	0.0386859	20	2.42718446601942e-05	2060	Ferritin Brain Pituitary eQTL.tsv
Ferritin	Brain	eQTL	eQTL_GTEx_Brain_Frontal_Cortex_BA9	ENSG00000166928.10	MS4A14	11	60396014	rs4290252	0.0437788	0.010182	1.710991e-05	0.06570643	16	2.82326369282891e-05	1771	Ferritin Brain Pituitary eQTL.tsv
Ferritin	Brain	eQTL	eQTL_GTEx_Brain_Putamen_basal_ganglia	ENSG00000166928.10	MS4A14	11	60396014	rs10736704	0.041817	0.00973398	1.739189e-05	0.05250995	20	2.9868578255675e-05	1674	Ferritin Brain Pituitary eQTL.tsv
Ferritin	Brain	eQTL	eQTL_GTEx_Brain_Spinal_cord_cervical_c-1	ENSG00000103199.13	ZNF500	16	4748239	rs921863	0.0527591	0.0122931	1.772578e-05	0.4546287	16	4.66417910447761e-05	1072	Ferritin Brain Pituitary eQTL.tsv
Ferritin	Liver	eQTL	eQTL_GTEx_Liver	ENSG00000004534.14	RBM6	3	49940007	rs1317154	-0.0370246	0.00863984	1.824594e-05	0.1040254	20	3.20512820512821e-05	1560	Ferritin Liver Kidney eQTL.tsv
Ferritin	Brain	eQTL	eQTL_GTEx_Brain_Anterior_cingulate_cortex_BA24	ENSG00000102858.12	MGRN1	16	4616493	rs844488	-0.0261018	0.00609651	1.856876e-05	0.177564	20	4.32900432900433e-05	1155	Ferritin Brain Pituitary eQTL.tsv
Ferritin	Brain	eQTL	eQTL_GTEx_Brain_Nucleus_accumbens_basal_ganglia	ENSG00000166928.10	MS4A14	11	60396014	rs7123266	0.0336979	0.0078808	1.90324e-05	0.09260823	20	2.55232261357836e-05	1959	Ferritin Brain Pituitary eQTL.tsv
Ferritin	Brain	eQTL	eQTL_GTEx_Brain_Hypothalamus	ENSG00000189350.12	TOGARAM2	2	28956611	rs78997274	0.062785	0.0146931	1.927885e-05	0.03862979	20	4.00962309542903e-05	1247	Ferritin Brain Pituitary eQTL.tsv
Ferritin	Brain	eQTL	eQTL_GTEx_Brain_Cortex	ENSG00000174136.11	RGMB	5	98768650	rs2662258	0.0610103	0.0142972	1.978504e-05	0.01062043	20	2.09117524048515e-05	2391	Ferritin Brain Pituitary eQTL.tsv
Ferritin	Brain	eQTL	eQTL_GTEx_Brain_Amygdala	ENSG00000102858.12	MGRN1	16	4616493	rs841225	-0.0237709	0.00558248	2.061497e-05	0.6592932	20	6.51041666666667e-05	768	Ferritin Brain Pituitary eQTL.tsv
Ferritin	Brain	eQTL	eQTL_GTEx_Brain_Putamen_basal_ganglia	ENSG00000004534.14	RBM6	3	49940007	rs2240329	-0.036618	0.00860534	2.088014e-05	0.614841	20	2.9868578255675e-05	1674	Ferritin Brain Pituitary eQTL.tsv
Ferritin	Brain	eQTL	eQTL_GTEx_Brain_Amygdala	ENSG00000103199.13	ZNF500	16	4748239	rs3888386	0.0410863	0.00966469	2.126457e-05	0.7790476	20	6.51041666666667e-05	768	Ferritin Brain Pituitary eQTL.tsv
Ferritin	Brain	eQTL	eQTL_GTEx_Brain_Hippocampus	ENSG00000103199.13	ZNF500	16	4748239	rs3747603	0.0556006	0.0131545	2.370985e-05	0.7047183	20	3.90930414386239e-05	1279	Ferritin Brain Pituitary eQTL.tsv
Ferritin	Brain	eQTL	eQTL_GTEx_Brain_Substantia_nigra	ENSG00000103199.13	ZNF500	16	4748239	rs963712	0.0383482	0.00907569	2.385472e-05	0.8817982	20	7.18390804597701e-05	696	Ferritin Brain Pituitary eQTL.tsv
Ferritin	Brain	eQTL	eQTL_GTEx_Brain_Hypothalamus	ENSG00000004534.14	RBM6	3	49940007	rs2240329	-0.0450219	0.0107435	2.78212e-05	0.09124472	20	4.00962309542903e-05	1247	Ferritin Brain Pituitary eQTL.tsv
Ferritin	Brain	eQTL	eQTL_GTEx_Brain_Frontal_Cortex_BA9	ENSG00000103199.13	ZNF500	16	4748239	rs9673738	0.0473721	0.0113058	2.788481e-05	0.8480021	20	2.82326369282891e-05	1771	Ferritin Brain Pituitary eQTL.tsv
Ferritin	Brain	eQTL	eQTL_GTEx_Brain_Spinal_cord_cervical_c-1	ENSG00000004534.14	RBM6	3	49940007	rs4688756	-0.0308635	0.00746593	3.566471e-05	0.2538441	20	4.66417910447761e-05	1072	Ferritin Brain Pituitary eQTL.tsv
Ferritin	Brain	eQTL	eQTL_GTEx_Brain_Hippocampus	ENSG00000004534.14	RBM6	3	49940007	rs2245365	-0.048531	0.0117707	3.739103e-05	0.1993003	20	3.90930414386239e-05	1279	Ferritin Brain Pituitary eQTL.tsv
Ferritin	Brain	eQTL	eQTL_GTEx_Brain_Amygdala	ENSG00000166928.10	MS4A14	11	60396014	rs2241920	0.0450908	0.0111998	5.672523e-05	0.1210052	16	6.51041666666667e-05	768	Ferritin Brain Pituitary eQTL.tsv
Ferritin	KidneyCortex	eQTL	eQTL_GTEx_Kidney_Cortex	ENSG00000168903.8	BTNL3	5	180988845	rs72494581	0.0147546	0.00374089	8.008606e-05	0.04852857	14	0.000190839694656489	262	Ferritin Liver Kidney eQTL.tsv
Ferritin	Blood	mQTL	mQTL_McRae	cg19208681	TEX14	17	58692267	rs8082334	0.101069	0.0119343	2.480276e-17	0.01890446	20	3.8028597505324e-06	13148	Ferritin Blood mQTL.tsv
Ferritin	Brain	mQTL	mQTL_BrainMeta	cg22956635	HSF5	17	58489037	rs2240719	0.05838	0.00694638	4.301001e-17	0.09951786	3	3.425126729689e-06	14598	Ferritin Brain Pituitary mQTL.tsv
Ferritin	Blood	mQTL	mQTL_McRae	cg19548652	EGLN3	14	33950110	rs1032014	0.159252	0.0210089	3.45013e-14	0.8817358	20	3.8028597505324e-06	13148	Ferritin Blood mQTL.tsv
Ferritin	Blood	mQTL	mQTL_McRae	cg18721089	COX4I2	20	31632833	rs6060409	0.049402	0.00681146	4.082983e-13	0.266163	20	3.8028597505324e-06	13148	Ferritin Blood mQTL.tsv
Ferritin	Blood	mQTL	mQTL_McRae	cg04660111	FUT2	19	48695977	rs507855	-0.0514472	0.00733491	2.315724e-12	0.1260749	20	3.8028597505324e-06	13148	Ferritin Blood mQTL.tsv
Ferritin	Brain	mQTL	mQTL_BrainMeta	cg19273756	SKA2	17	59152330	rs7502947	0.0679342	0.00972104	2.781037e-12	0.2082651	13	3.425126729689e-06	14598	Ferritin Brain Pituitary mQTL.tsv
Ferritin	Brain	mQTL	mQTL_BrainMeta	cg23436779	RAD51C	17	58692469	rs35987270	0.0780914	0.011663	2.147025e-11	0.01411531	8	3.425126729689e-06	14598	Ferritin Brain Pituitary mQTL.tsv
Ferritin	Brain	mQTL	mQTL_BrainMeta	cg20872692	HIGD1C	12	50987352	rs7138860	0.129066	0.0192911	2.224494e-11	0.01222995	8	3.425126729689e-06	14598	Ferritin Brain Pituitary mQTL.tsv
Ferritin	Blood	mQTL	mQTL_McRae	cg07425170	FNBP4	11	47767526	rs12223593	-0.055917	0.00857164	6.869167e-11	0.1444412	20	3.8028597505324e-06	13148	Ferritin Blood mQTL.tsv
Ferritin	Brain	mQTL	mQTL_BrainMeta	cg21846177	DEFB124	20	31485773	rs2064818	-0.0434427	0.00671822	1.003652e-10	0.01572997	18	3.425126729689e-06	14598	Ferritin Brain Pituitary mQTL.tsv
Ferritin	Blood	mQTL	mQTL_McRae	cg01065977	ISYNA1	19	18438879	rs4303657	-0.0170596	0.00264179	1.063836e-10	0.02312437	20	3.8028597505324e-06	13148	Ferritin Blood mQTL.tsv
Ferritin	Blood	mQTL	mQTL_McRae	cg22789605	SLC11A2	12	51025381	rs1038525	-0.0784281	0.0123844	2.407389e-10	0.0327253	20	3.8028597505324e-06	13148	Ferritin Blood mQTL.tsv
Ferritin	Blood	mQTL	mQTL_McRae	cg15395560	SLC28A2	15	45250944	rs1706824	0.0642161	0.0102118	3.207388e-10	0.01968555	20	3.8028597505324e-06	13148	Ferritin Blood mQTL.tsv
Ferritin	Brain	mQTL	mQTL_BrainMeta	cg12258179	MAMSTR	19	48728930	rs2287922	0.0187774	0.00310139	1.408462e-09	0.01073623	20	3.425126729689e-06	14598	Ferritin Brain Pituitary mQTL.tsv
Ferritin	Blood	mQTL	mQTL_McRae	cg08603678	EIF3E	8	108223699	rs596245	0.0152632	0.0025906	3.821167e-09	0.6629741	20	3.8028597505324e-06	13148	Ferritin Blood mQTL.tsv
Ferritin	Brain	mQTL	mQTL_BrainMeta	cg14575656	BTN3A2	6	26330356	rs4412193	0.0820795	0.0140982	5.815717e-09	0.05486618	16	3.425126729689e-06	14598	Ferritin Brain Pituitary mQTL.tsv
Ferritin	Blood	mQTL	mQTL_McRae	cg13734043	EPX	17	58192837	rs10853004	0.0303542	0.00536589	1.541364e-08	0.185915	20	3.8028597505324e-06	13148	Ferritin Blood mQTL.tsv
Ferritin	Blood	mQTL	mQTL_McRae	cg02612927	DEFB124	20	31473081	rs6059888	0.101657	0.0179929	1.605853e-08	0.01992694	20	3.8028597505324e-06	13148	Ferritin Blood mQTL.tsv
Ferritin	Blood	mQTL	mQTL_McRae	cg08716584	MS4A14	11	60389688	rs6591574	-0.0284145	0.00507711	2.185928e-08	0.04155202	20	3.8028597505324e-06	13148	Ferritin Blood mQTL.tsv
Ferritin	Blood	mQTL	mQTL_McRae	cg20080878	TRIB1	8	125466828	rs6999569	-0.0690706	0.0123832	2.436121e-08	0.01305763	20	3.8028597505324e-06	13148	Ferritin Blood mQTL.tsv
Ferritin	Blood	mQTL	mQTL_McRae	cg20147224	DDB2	11	47214854	rs2029298	-0.0141101	0.00254106	2.810431e-08	0.1770433	20	3.8028597505324e-06	13148	Ferritin Blood mQTL.tsv
Ferritin	Brain	mQTL	mQTL_BrainMeta	cg01442550	SMOC2	6	168514760	rs7752384	0.0179372	0.00323813	3.035789e-08	0.0113971	20	3.425126729689e-06	14598	Ferritin Brain Pituitary mQTL.tsv
Ferritin	Blood	mQTL	mQTL_McRae	cg14882150	STEAP3	2	119225032	rs838108	-0.0239943	0.00433333	3.074223e-08	0.3209897	20	3.8028597505324e-06	13148	Ferritin Blood mQTL.tsv
Ferritin	Brain	mQTL	mQTL_BrainMeta	cg00030117	STEAP3	2	119222673	rs865688	-0.029728	0.00538521	3.384058e-08	0.3381821	20	3.425126729689e-06	14598	Ferritin Brain Pituitary mQTL.tsv
Ferritin	Brain	mQTL	mQTL_BrainMeta	cg17444582	DHRS7C	17	9791676	rs17681708	0.0519151	0.0094056	3.397755e-08	0.3892084	11	3.425126729689e-06	14598	Ferritin Brain Pituitary mQTL.tsv
Ferritin	Brain	mQTL	mQTL_BrainMeta	cg09466397	NUDT16L1	16	4699246	rs9935103	-0.0149146	0.00270531	3.526129e-08	0.02784118	20	3.425126729689e-06	14598	Ferritin Brain Pituitary mQTL.tsv
Ferritin	Blood	mQTL	mQTL_McRae	cg07584200	KANSL1	17	46107663	rs62074125	-0.0441089	0.00802266	3.840377e-08	0.6251732	20	3.8028597505324e-06	13148	Ferritin Blood mQTL.tsv
Ferritin	Brain	mQTL	mQTL_BrainMeta	cg03339077	ARFGAP2	11	47143506	rs7121418	0.0159334	0.00290085	3.958795e-08	0.1434979	20	3.425126729689e-06	14598	Ferritin Brain Pituitary mQTL.tsv
Ferritin	Blood	mQTL	mQTL_McRae	cg16859884	NRTN	19	5829161	rs778805	-0.0311957	0.0057884	7.071086e-08	0.01035326	20	3.8028597505324e-06	13148	Ferritin Blood mQTL.tsv
Ferritin	Blood	mQTL	mQTL_McRae	cg25953688	CELF1	11	47553731	rs11039409	0.0800474	0.0149479	8.551288e-08	0.1513172	20	3.8028597505324e-06	13148	Ferritin Blood mQTL.tsv
Ferritin	Brain	mQTL	mQTL_BrainMeta	cg13734043	EPX	17	58192837	rs11652709	0.034754	0.00649724	8.842157e-08	0.06559847	20	3.425126729689e-06	14598	Ferritin Brain Pituitary mQTL.tsv
Ferritin	Blood	mQTL	mQTL_McRae	cg10000312	ZNF500	16	4751403	rs11076846	-0.0368857	0.00689896	8.963997e-08	0.07195914	20	3.8028597505324e-06	13148	Ferritin Blood mQTL.tsv
Ferritin	Brain	mQTL	mQTL_BrainMeta	cg26198807	C11orf49	11	46936207	rs7128650	-0.014133	0.00264374	9.000382e-08	0.01491902	20	3.425126729689e-06	14598	Ferritin Brain Pituitary mQTL.tsv
Ferritin	Brain	mQTL	mQTL_BrainMeta	cg10504702	FNBP4	11	47767556	rs12365079	0.0487953	0.00924098	1.289578e-07	0.4070142	7	3.425126729689e-06	14598	Ferritin Brain Pituitary mQTL.tsv
Ferritin	Brain	mQTL	mQTL_BrainMeta	cg20155875	WIPI1	17	68456426	rs2909211	0.036403	0.00693759	1.544258e-07	0.07412319	20	3.425126729689e-06	14598	Ferritin Brain Pituitary mQTL.tsv
Ferritin	Blood	mQTL	mQTL_McRae	cg11815991	ID1	20	31605295	rs6060323	0.114103	0.0217772	1.60932e-07	0.03778373	20	3.8028597505324e-06	13148	Ferritin Blood mQTL.tsv
Ferritin	Blood	mQTL	mQTL_McRae	cg00776960	IGDCC3	15	65395780	rs12592280	0.0390562	0.00752764	2.121377e-07	0.2740322	20	3.8028597505324e-06	13148	Ferritin Blood mQTL.tsv
Ferritin	Blood	mQTL	mQTL_McRae	cg19610905	FADS2	11	61828861	rs174566	0.0206851	0.00399238	2.205184e-07	0.4554506	20	3.8028597505324e-06	13148	Ferritin Blood mQTL.tsv
Ferritin	Blood	mQTL	mQTL_McRae	cg00605362	ANKS3	16	4743769	rs1563443	0.0359241	0.0069349	2.21661e-07	0.02839213	20	3.8028597505324e-06	13148	Ferritin Blood mQTL.tsv
Ferritin	Brain	mQTL	mQTL_BrainMeta	cg13950362	DEFB123	20	31440259	rs6058058	-0.0638964	0.0123442	2.264269e-07	0.02479329	13	3.425126729689e-06	14598	Ferritin Brain Pituitary mQTL.tsv
Ferritin	Blood	mQTL	mQTL_McRae	cg23485807	SLC25A37	8	23529679	rs62503282	0.0252361	0.00488342	2.369742e-07	0.05642923	20	3.8028597505324e-06	13148	Ferritin Blood mQTL.tsv
Ferritin	Brain	mQTL	mQTL_BrainMeta	cg20147224	DDB2	11	47214854	rs11039134	-0.0244326	0.00475213	2.727133e-07	0.1491596	12	3.425126729689e-06	14598	Ferritin Brain Pituitary mQTL.tsv
Ferritin	Blood	mQTL	mQTL_McRae	cg00532122	TMEM165	4	55407964	rs12510275	0.0134843	0.00262962	2.930675e-07	0.3812145	20	3.8028597505324e-06	13148	Ferritin Blood mQTL.tsv
Ferritin	Blood	mQTL	mQTL_McRae	cg26684673	UBASH3B	11	122672720	rs60494825	0.0283503	0.00562489	4.65164e-07	0.2368736	20	3.8028597505324e-06	13148	Ferritin Blood mQTL.tsv
Ferritin	Brain	mQTL	mQTL_BrainMeta	cg00605362	ANKS3	16	4743769	rs1563443	0.0378709	0.0075191	4.738296e-07	0.02222448	20	3.425126729689e-06	14598	Ferritin Brain Pituitary mQTL.tsv
Ferritin	Blood	mQTL	mQTL_McRae	cg16213375	FADS1	11	61817255	rs174560	0.0430663	0.00856474	4.947705e-07	0.5807632	20	3.8028597505324e-06	13148	Ferritin Blood mQTL.tsv
Ferritin	Brain	mQTL	mQTL_BrainMeta	cg00846121	FAM83E	19	48614857	rs2617801	0.0394277	0.00784476	5.008335e-07	0.02100863	20	3.425126729689e-06	14598	Ferritin Brain Pituitary mQTL.tsv
Ferritin	Brain	mQTL	mQTL_BrainMeta	cg09591406	P2RX1	17	3930579	rs34713010	0.0132899	0.00265858	5.766642e-07	0.1090419	18	3.425126729689e-06	14598	Ferritin Brain Pituitary mQTL.tsv
Ferritin	Blood	mQTL	mQTL_McRae	cg22788657	BTN3A2	6	26332218	rs11754384	-0.0847939	0.0169868	5.983236e-07	0.08895096	20	3.8028597505324e-06	13148	Ferritin Blood mQTL.tsv
Ferritin	Blood	mQTL	mQTL_McRae	cg24308560	MST1R	3	49903992	rs11130224	-0.0330185	0.00662097	6.133887e-07	0.2681301	20	3.8028597505324e-06	13148	Ferritin Blood mQTL.tsv
Ferritin	Brain	mQTL	mQTL_BrainMeta	cg24308560	MST1R	3	49903992	rs62262093	0.0309397	0.00623683	7.020366e-07	0.05658662	19	3.425126729689e-06	14598	Ferritin Brain Pituitary mQTL.tsv
Ferritin	Blood	mQTL	mQTL_McRae	cg00095677	P2RX1	17	3930445	rs8067516	0.0121423	0.00245614	7.668405e-07	0.5423985	20	3.8028597505324e-06	13148	Ferritin Blood mQTL.tsv
Ferritin	Brain	mQTL	mQTL_BrainMeta	cg19830128	DEFB121	20	31407540	rs6057809	-0.0491675	0.00994598	7.675003e-07	0.06993071	19	3.425126729689e-06	14598	Ferritin Brain Pituitary mQTL.tsv
Ferritin	Brain	mQTL	mQTL_BrainMeta	cg19610905	FADS1	11	61828861	rs1535	0.0145228	0.00294671	8.286811e-07	0.07168716	20	3.425126729689e-06	14598	Ferritin Brain Pituitary mQTL.tsv
Ferritin	Blood	mQTL	mQTL_McRae	cg03886558	ARHGAP9	12	57475707	rs2228226	-0.0195498	0.00397766	8.882505e-07	0.134018	20	3.8028597505324e-06	13148	Ferritin Blood mQTL.tsv
Ferritin	Brain	mQTL	mQTL_BrainMeta	cg14099685	NDUFS3	11	47524516	rs61895112	0.0450819	0.00917471	8.936513e-07	0.06328381	8	3.425126729689e-06	14598	Ferritin Brain Pituitary mQTL.tsv
Ferritin	Brain	mQTL	mQTL_BrainMeta	cg12257692	RBM6	3	49939757	rs11706185	0.0147375	0.00300477	9.356595e-07	0.04537697	20	3.425126729689e-06	14598	Ferritin Brain Pituitary mQTL.tsv
Ferritin	Brain	mQTL	mQTL_BrainMeta	cg27008631	NTN5	19	48673085	rs281379	0.0574723	0.0117769	1.06028e-06	0.2098231	20	3.425126729689e-06	14598	Ferritin Brain Pituitary mQTL.tsv
Ferritin	Brain	mQTL	mQTL_BrainMeta	cg03481488	PPIF	10	79331415	rs4506581	-0.0247191	0.00507071	1.088722e-06	0.07333063	20	3.425126729689e-06	14598	Ferritin Brain Pituitary mQTL.tsv
Ferritin	Blood	mQTL	mQTL_McRae	cg04132146	ZNF292	6	87152440	rs6454596	0.0211653	0.00436151	1.217722e-06	0.1418782	17	3.8028597505324e-06	13148	Ferritin Blood mQTL.tsv
Ferritin	Brain	mQTL	mQTL_BrainMeta	cg10294329	DNAAF8	16	4731059	rs703814	-0.0255934	0.0053004	1.375129e-06	0.0158694	20	3.425126729689e-06	14598	Ferritin Brain Pituitary mQTL.tsv
Ferritin	Blood	mQTL	mQTL_McRae	cg21612339	GMPPB	3	49724187	rs6809431	0.0161223	0.00334502	1.437185e-06	0.03290696	20	3.8028597505324e-06	13148	Ferritin Blood mQTL.tsv
Ferritin	Brain	mQTL	mQTL_BrainMeta	cg15085603	IZUMO1	19	48746995	rs838146	0.0490118	0.0101854	1.494583e-06	0.06011413	20	3.425126729689e-06	14598	Ferritin Brain Pituitary mQTL.tsv
Ferritin	Blood	mQTL	mQTL_McRae	cg16520815	NUDT16L1	16	4683180	rs1684604	0.0428771	0.00894205	1.62681e-06	0.08520673	20	3.8028597505324e-06	13148	Ferritin Blood mQTL.tsv
Ferritin	Brain	mQTL	mQTL_BrainMeta	cg07427211	WDR90	16	646003	rs72773412	0.0121341	0.00253653	1.720761e-06	0.07836065	20	3.425126729689e-06	14598	Ferritin Brain Pituitary mQTL.tsv
Ferritin	Brain	mQTL	mQTL_BrainMeta	cg07611790	RASIP1	19	48737566	rs973579	-0.0385374	0.00808466	1.87239e-06	0.01751945	20	3.425126729689e-06	14598	Ferritin Brain Pituitary mQTL.tsv
Ferritin	Blood	mQTL	mQTL_McRae	cg06071746	GDPD1	17	59220157	rs7223587	-0.181834	0.0381513	1.878061e-06	0.01420454	20	3.8028597505324e-06	13148	Ferritin Blood mQTL.tsv
Ferritin	Blood	mQTL	mQTL_McRae	cg25215230	FAM200B	4	15677975	rs6850422	0.015336	0.00321961	1.904433e-06	0.06674632	20	3.8028597505324e-06	13148	Ferritin Blood mQTL.tsv
Ferritin	Blood	mQTL	mQTL_McRae	cg12257692	RBM6	3	49939757	rs2624819	0.0251909	0.00532831	2.27016e-06	0.0716836	20	3.8028597505324e-06	13148	Ferritin Blood mQTL.tsv
Ferritin	Brain	mQTL	mQTL_BrainMeta	cg24917065	SLC25A37	8	23560876	rs2942202	0.0347357	0.0073711	2.4479e-06	0.2092755	20	3.425126729689e-06	14598	Ferritin Brain Pituitary mQTL.tsv
Ferritin	Blood	mQTL	mQTL_McRae	cg04087271	CDA	1	20588841	rs603412	0.0201982	0.00429659	2.589137e-06	0.1824533	20	3.8028597505324e-06	13148	Ferritin Blood mQTL.tsv
Ferritin	Brain	mQTL	mQTL_BrainMeta	cg13611204	INPP5E	9	136429971	rs3923776	0.0283495	0.0060604	2.899344e-06	0.0210709	20	3.425126729689e-06	14598	Ferritin Brain Pituitary mQTL.tsv
Ferritin	Blood	mQTL	mQTL_McRae	cg04531097	RYK	3	134213023	rs9289462	-0.0481251	0.0103269	3.159453e-06	0.3395824	20	3.8028597505324e-06	13148	Ferritin Blood mQTL.tsv
Ferritin	Blood	mQTL	mQTL_McRae	cg15866021	VWF	12	6042508	rs2283335	0.0416657	0.00894479	3.191465e-06	0.6848845	20	3.8028597505324e-06	13148	Ferritin Blood mQTL.tsv
Ferritin	Brain	mQTL	mQTL_BrainMeta	cg13881341	FGF21	19	48755958	rs8105137	0.0389955	0.00838724	3.329275e-06	0.4285744	20	3.425126729689e-06	14598	Ferritin Brain Pituitary mQTL.tsv
Ferritin	Blood	pQTL	pQTL_INTERVAL	MPO.2580.83.2	MPO	17	56352756	rs75394768	-0.114869	0.0167343	6.682152e-12	0.02441224	20	8.11688311688312e-05	616	Ferritin Blood pQTL.tsv
Ferritin	Blood	pQTL	pQTL_FENLAND	X5223_59_GCKR	GCKR	2	27496839	rs1260326	-0.068675	0.0107667	1.788659e-10	0.7938742	20	3.24254215304799e-05	1542	Ferritin Blood pQTL.tsv
Ferritin	Blood	pQTL	pQTL_FENLAND	X13676_46_INHBB	INHBB	2	120346136	rs17050272	0.0667816	0.0113181	3.626202e-09	0.01477523	20	3.24254215304799e-05	1542	Ferritin Blood pQTL.tsv
Ferritin	Blood	pQTL	pQTL_INTERVAL	APOE.2937.10.2	APOE	19	45410828	rs1065853	-0.0505354	0.00928259	5.206682e-08	0.5892626	20	8.11688311688312e-05	616	Ferritin Blood pQTL.tsv
Ferritin	Blood	pQTL	pQTL_INTERVAL	PSG5.9314.9.3	PSG5	19	43681291	rs7412	-0.0722693	0.0140893	2.907346e-07	0.2194905	20	8.11688311688312e-05	616	Ferritin Blood pQTL.tsv
Ferritin	Blood	pQTL	pQTL_FENLAND	X3434_34_FN1	FN1	2	215360440	rs1250247	0.227546	0.0456756	6.30019e-07	0.07183848	20	3.24254215304799e-05	1542	Ferritin Blood pQTL.tsv
Ferritin	Blood	pQTL	pQTL_FENLAND	X15686_49_INHBC	INHBC	12	57434784	rs3741414	0.0131019	0.00274862	1.87253e-06	0.01336018	20	3.24254215304799e-05	1542	Ferritin Blood pQTL.tsv
Ferritin	Blood	pQTL	pQTL_FENLAND	X4801_13_LPO	LPO	17	58218548	rs8178290	0.069923	0.0147263	2.052533e-06	0.031366	20	3.24254215304799e-05	1542	Ferritin Blood pQTL.tsv
Ferritin	Blood	pQTL	pQTL_INTERVAL	TLR4.LY96.3647.49.4	TLR4	9	120473110	rs4986790	-0.0366546	0.00774068	2.18707e-06	0.6110282	20	8.11688311688312e-05	616	Ferritin Blood pQTL.tsv
Ferritin	Blood	pQTL	pQTL_SCALLOP	FS	FST	5	52779283	rs31226	-0.11868	0.027599	1.706897e-05	0.140838	20	0.000704225352112676	71	Ferritin Blood pQTL.tsv
Ferritin	Blood	pQTL	pQTL_INTERVAL	LPO.4801.13.3	LPO	17	56330832	rs7219860	0.0694922	0.0164037	2.271524e-05	0.01221945	20	8.11688311688312e-05	616	Ferritin Blood pQTL.tsv
Ferritin	Blood	pQTL	pQTL_FENLAND	X15447_45_SORD	SORD	15	45023147	rs72722075	0.0680917	0.0161265	2.417684e-05	0.09961956	20	3.24254215304799e-05	1542	Ferritin Blood pQTL.tsv
Ferritin	Brain	sQTL	sQTL_BrainMeta	chr7:30499657:30503225:clu_265761_	NOD1	7	30461825	rs2190504	0.0583871	0.00640767	8.083334e-20	0.01750961	20	5.2792735719565e-06	9471	Ferritin Brain Pituitary sQTL.tsv
Ferritin	Spleen	sQTL	sQTL_GTEx_Spleen	chr7:30460041:30478606:clu_28614:ENSG00000106100.10	NOD1	7	30460041	rs2529440	-0.0282064	0.00322395	2.151951e-18	0.01722451	20	2.49875062468766e-05	2001	Ferritin Blood Spleen sQTL.tsv
Ferritin	Pituitary	sQTL	sQTL_GTEx_Pituitary	chr7:30460041:30478606:clu_31333:ENSG00000106100.10	NOD1	7	30460041	rs2190504	-0.0416199	0.0060932	8.45867e-12	0.05204426	20	2.44259892525647e-05	2047	Ferritin Brain Pituitary sQTL.tsv
Ferritin	Brain	sQTL	sQTL_GTEx_Brain_Cerebellar_Hemisphere	chr17:59954146:59956488:clu_12266:ENSG00000189050.15	RNFT1	17	59954146	rs1292046	-0.0466989	0.00712381	5.551993e-11	0.03045389	20	2.77008310249308e-05	1805	Ferritin Brain Pituitary sQTL.tsv
Ferritin	Liver	sQTL	sQTL_GTEx_Liver	chr22:37066962:37069073:clu_20165:ENSG00000187045.16	TMPRSS6	22	37066962	rs877908	0.0420795	0.00673204	4.088143e-10	0.05917979	20	4.19463087248322e-05	1192	Ferritin Liver Kidney sQTL.tsv
Ferritin	Spleen	sQTL	sQTL_GTEx_Spleen	chr11:60383288:60386717:clu_6628:ENSG00000166927.12	MS4A7	11	60383288	rs950802	0.0170611	0.00290568	4.314754e-09	0.6850424	20	2.49875062468766e-05	2001	Ferritin Blood Spleen sQTL.tsv
Ferritin	Pituitary	sQTL	sQTL_GTEx_Pituitary	chr2:189784593:189791790:clu_47888:ENSG00000151687.14	ANKAR	2	189784593	rs1234834	-0.0604735	0.0104853	8.046426e-09	0.05407808	20	2.44259892525647e-05	2047	Ferritin Brain Pituitary sQTL.tsv
Ferritin	Brain	sQTL	sQTL_GTEx_Brain_Caudate_basal_ganglia	chr7:30460041:30478606:clu_25513:ENSG00000106100.10	NOD1	7	30460041	rs1558067	-0.0475887	0.00825271	8.096826e-09	0.01572335	20	3.80228136882129e-05	1315	Ferritin Brain Pituitary sQTL.tsv
Ferritin	Brain	sQTL	sQTL_GTEx_Brain_Putamen_basal_ganglia	chr7:30460041:30478606:clu_22905:ENSG00000106100.10	NOD1	7	30460041	rs2190504	-0.0404344	0.00706456	1.043167e-08	0.1770466	11	4.71698113207547e-05	1060	Ferritin Brain Pituitary sQTL.tsv
Ferritin	KidneyCortex	sQTL	sQTL_GTEx_Kidney_Cortex	chr7:30460041:30478606:clu_19549:ENSG00000106100.10	NOD1	7	30460041	rs2709801	-0.0245311	0.00436745	1.945228e-08	0.5864642	8	0.000108695652173913	460	Ferritin Liver Kidney sQTL.tsv
Ferritin	Brain	sQTL	sQTL_BrainMeta	chr20:30149539:30155881:clu_49298_	HM13	20	31564907	rs6088446	0.105528	0.0188706	2.241877e-08	0.8634309	20	5.2792735719565e-06	9471	Ferritin Brain Pituitary sQTL.tsv
Ferritin	Blood	sQTL	sQTL_GTEx_Whole_Blood	chr11:60383288:60386717:clu_6135:ENSG00000166927.12	MS4A7	11	60383288	rs950803	0.0183597	0.00330424	2.753734e-08	0.7647695	20	2.5974025974026e-05	1925	Ferritin Blood Spleen sQTL.tsv
Ferritin	Brain	sQTL	sQTL_BrainMeta	chr17:66447038:66453483:clu_152824_	WIPI1	17	68454119	rs883541	-0.0556507	0.0102499	5.654219e-08	0.4662313	20	5.2792735719565e-06	9471	Ferritin Brain Pituitary sQTL.tsv
Ferritin	Brain	sQTL	sQTL_BrainMeta	chr17:44417140:44430186:clu_150645_	ARL17B	17	46346297	rs62074125	-0.0484283	0.00902148	7.9566e-08	0.2259146	17	5.2792735719565e-06	9471	Ferritin Brain Pituitary sQTL.tsv
Ferritin	Pituitary	sQTL	sQTL_GTEx_Pituitary	chr11:60383288:60386717:clu_7338:ENSG00000166927.12	MS4A7	11	60383288	rs950802	0.0235835	0.00441196	9.024115e-08	0.2394766	20	2.44259892525647e-05	2047	Ferritin Brain Pituitary sQTL.tsv
Ferritin	Brain	sQTL	sQTL_GTEx_Brain_Anterior_cingulate_cortex_BA24	chr2:189805754:189818017:clu_34364:ENSG00000064933.17	PMS1	2	189805754	rs62183652	0.0625984	0.0118149	1.169119e-07	0.08278071	20	4.90196078431373e-05	1020	Ferritin Brain Pituitary sQTL.tsv
Ferritin	Brain	sQTL	sQTL_BrainMeta	chr16:4814779:4815566:clu_181786_	ZNF500	16	4765171	rs12599765	0.0530548	0.0100671	1.36346e-07	0.4356152	20	5.2792735719565e-06	9471	Ferritin Brain Pituitary sQTL.tsv
Ferritin	Brain	sQTL	sQTL_BrainMeta	chr9:139324259:139325454:clu_79330_	INPP5E	9	136430404	rs33982662	-0.0222973	0.0043335	2.670606e-07	0.1987536	20	5.2792735719565e-06	9471	Ferritin Brain Pituitary sQTL.tsv
Ferritin	Brain	sQTL	sQTL_BrainMeta	chr20:30227083:30227736:clu_49321_	COX4I2	20	31639607	rs2376990	0.10924	0.0214588	3.567147e-07	0.02208589	20	5.2792735719565e-06	9471	Ferritin Brain Pituitary sQTL.tsv
Ferritin	Brain	sQTL	sQTL_BrainMeta	chr1:45795109:45796188:clu_211606_	MUTYH	1	45329976	rs12739418	0.0175163	0.00350122	5.647292e-07	0.3838987	20	5.2792735719565e-06	9471	Ferritin Brain Pituitary sQTL.tsv
Ferritin	Brain	sQTL	sQTL_GTEx_Brain_Nucleus_accumbens_basal_ganglia	chr11:60383288:60386717:clu_6012:ENSG00000166927.12	MS4A7	11	60383288	rs950802	0.025673	0.00513511	5.748028e-07	0.5391996	20	3.60230547550432e-05	1388	Ferritin Brain Pituitary sQTL.tsv
Ferritin	Brain	sQTL	sQTL_GTEx_Brain_Cerebellar_Hemisphere	chr17:58693811:58694931:clu_12227:ENSG00000108384.14	RAD51C	17	58693811	rs3809724	0.0636723	0.0127377	5.770776e-07	0.05059787	10	2.77008310249308e-05	1805	Ferritin Brain Pituitary sQTL.tsv
Ferritin	Brain	sQTL	sQTL_GTEx_Brain_Putamen_basal_ganglia	chr11:60383288:60386717:clu_5168:ENSG00000166927.12	MS4A7	11	60383288	rs950802	0.0218592	0.00438948	6.361685e-07	0.03566894	20	4.71698113207547e-05	1060	Ferritin Brain Pituitary sQTL.tsv
Ferritin	Brain	sQTL	sQTL_GTEx_Brain_Putamen_basal_ganglia	chr2:189805754:189818017:clu_34703:ENSG00000064933.17	PMS1	2	189805754	rs62184283	0.0630607	0.0127565	7.676291e-07	0.01706083	20	4.71698113207547e-05	1060	Ferritin Brain Pituitary sQTL.tsv
Ferritin	Brain	sQTL	sQTL_GTEx_Brain_Spinal_cord_cervical_c-1	chr11:60383288:60386717:clu_5095:ENSG00000166927.12	MS4A7	11	60383288	rs950802	0.0208919	0.00424688	8.682525e-07	0.8341901	20	5.33049040511727e-05	938	Ferritin Brain Pituitary sQTL.tsv
Ferritin	Brain	sQTL	sQTL_BrainMeta	chr19:49165455:49165757:clu_60336_	NTN5	19	48662349	rs2548458	0.116647	0.0238075	9.603092e-07	0.01358901	20	5.2792735719565e-06	9471	Ferritin Brain Pituitary sQTL.tsv
Ferritin	Brain	sQTL	sQTL_GTEx_Brain_Hypothalamus	chr17:59248785:59267041:clu_11421:ENSG00000153982.10	GDPD1	17	59248785	rs11869483	0.058084	0.0119308	1.125095e-06	0.01535868	8	4.43655723158829e-05	1127	Ferritin Brain Pituitary sQTL.tsv
Ferritin	Blood	sQTL	sQTL_GTEx_Whole_Blood	chr12:57475615:57475776:clu_3741:ENSG00000123329.17	ARHGAP9	12	57475615	rs2277315	0.013917	0.00286434	1.181555e-06	0.02995889	20	2.5974025974026e-05	1925	Ferritin Blood Spleen sQTL.tsv
Ferritin	Blood	sQTL	sQTL_GTEx_Whole_Blood	chr20:31566295:31567640:clu_24392:ENSG00000101294.16	HM13	20	31566295	rs6060114	0.0963533	0.0202941	2.055924e-06	0.3227832	19	2.5974025974026e-05	1925	Ferritin Blood Spleen sQTL.tsv
Ferritin	Brain	sQTL	sQTL_GTEx_Brain_Hippocampus	chr11:60383288:60386717:clu_5328:ENSG00000166927.12	MS4A7	11	60383288	rs950802	0.0259355	0.00547234	2.143728e-06	0.1847956	20	5.08646998982706e-05	983	Ferritin Brain Pituitary sQTL.tsv
Ferritin	Brain	sQTL	sQTL_BrainMeta	chr16:4733933:4738797:clu_34804_	MGRN1	16	4686364	rs841225	0.0170659	0.00361711	2.380563e-06	0.1416851	20	5.2792735719565e-06	9471	Ferritin Brain Pituitary sQTL.tsv
Ferritin	Spleen	sQTL	sQTL_GTEx_Spleen	chr20:31566295:31567640:clu_26513:ENSG00000101294.16	HM13	20	31566295	rs6059958	0.0519639	0.0110345	2.486736e-06	0.2346166	19	2.49875062468766e-05	2001	Ferritin Blood Spleen sQTL.tsv
Ferritin	Pituitary	sQTL	sQTL_GTEx_Pituitary	chr16:4762756:4765565:clu_16237:ENSG00000103199.13	ZNF500	16	4762756	rs12599765	-0.027191	0.00584831	3.329267e-06	0.6568593	20	2.44259892525647e-05	2047	Ferritin Brain Pituitary sQTL.tsv
Ferritin	Blood	sQTL	sQTL_GTEx_Whole_Blood	chr16:4683932:4686259:clu_13564:ENSG00000102858.12	MGRN1	16	4683932	rs841225	-0.0162464	0.00349748	3.398022e-06	0.03072038	20	2.5974025974026e-05	1925	Ferritin Blood Spleen sQTL.tsv
Ferritin	Brain	sQTL	sQTL_GTEx_Brain_Cerebellum	chr1:45329437:45330516:clu_45515:ENSG00000132781.17	MUTYH	1	45329437	rs12139364	0.0132019	0.0028431	3.426019e-06	0.3864399	20	2.53678335870117e-05	1971	Ferritin Brain Pituitary sQTL.tsv
Ferritin	Spleen	sQTL	sQTL_GTEx_Spleen	chr1:45329437:45330516:clu_46168:ENSG00000132781.17	MUTYH	1	45329437	rs66732088	0.0145647	0.00313968	3.502296e-06	0.6702156	20	2.49875062468766e-05	2001	Ferritin Blood Spleen sQTL.tsv
Ferritin	Blood	sQTL	sQTL_GTEx_Whole_Blood	chr1:45329437:45330516:clu_42740:ENSG00000132781.17	MUTYH	1	45329437	rs12139364	0.0187976	0.00405475	3.553035e-06	0.3568909	20	2.5974025974026e-05	1925	Ferritin Blood Spleen sQTL.tsv
Ferritin	Brain	sQTL	sQTL_GTEx_Brain_Caudate_basal_ganglia	chr20:31561736:31568078:clu_23653:ENSG00000101294.16	HM13	20	31561736	rs6120890	0.050702	0.0110123	4.142246e-06	0.3636818	17	3.80228136882129e-05	1315	Ferritin Brain Pituitary sQTL.tsv
Ferritin	Liver	sQTL	sQTL_GTEx_Liver	chr11:60383288:60385088:clu_5182:ENSG00000166927.12	MS4A7	11	60383288	rs11230289	-0.0286692	0.00623652	4.286606e-06	0.4388346	20	4.19463087248322e-05	1192	Ferritin Liver Kidney sQTL.tsv
Ferritin	Brain	sQTL	sQTL_BrainMeta	ENSG00000149485.19	FADS1	11	61814472	rs174555	-0.17365	0.0377947	4.336589e-06	0.06097358	20	5.2792735719565e-06	9471	Ferritin Brain Pituitary sQTL.tsv
Ferritin	Spleen	sQTL	sQTL_GTEx_Spleen	chr16:4764778:4765565:clu_14753:ENSG00000103199.13	ZNF500	16	4764778	rs9921788	0.023566	0.00512935	4.340893e-06	0.1251075	20	2.49875062468766e-05	2001	Ferritin Blood Spleen sQTL.tsv
Ferritin	Brain	sQTL	sQTL_BrainMeta	chr15:65989721:65993389:clu_20928_	DENND4A	15	65699217	rs2414883	-0.101593	0.0221158	4.35518e-06	0.02181284	20	5.2792735719565e-06	9471	Ferritin Brain Pituitary sQTL.tsv
Ferritin	Pituitary	sQTL	sQTL_GTEx_Pituitary	chr1:45329437:45330516:clu_51117:ENSG00000132781.17	MUTYH	1	45329437	rs12139364	0.0144845	0.00315494	4.409914e-06	0.596073	20	2.44259892525647e-05	2047	Ferritin Brain Pituitary sQTL.tsv
Ferritin	Brain	sQTL	sQTL_GTEx_Brain_Nucleus_accumbens_basal_ganglia	chr1:45329437:45330516:clu_42498:ENSG00000132781.17	MUTYH	1	45329437	rs66732088	0.0130167	0.00283885	4.535148e-06	0.3600522	20	3.60230547550432e-05	1388	Ferritin Brain Pituitary sQTL.tsv
Ferritin	Brain	sQTL	sQTL_BrainMeta	chr12:57869398:57869559:clu_191554_	ARHGAP9	12	57475695	rs2277317	0.0398911	0.00872762	4.86153e-06	0.2170364	20	5.2792735719565e-06	9471	Ferritin Brain Pituitary sQTL.tsv
Ferritin	Brain	sQTL	sQTL_GTEx_Brain_Cerebellum	chr16:4683932:4686259:clu_14495:ENSG00000102858.12	MGRN1	16	4683932	rs841225	-0.0118294	0.00259028	4.951385e-06	0.0221421	20	2.53678335870117e-05	1971	Ferritin Brain Pituitary sQTL.tsv
Ferritin	Brain	sQTL	sQTL_BrainMeta	chr15:77025725:77031643:clu_21697_	SCAPER	15	76736343	rs1867197	0.046626	0.0102267	5.133366e-06	0.6826932	20	5.2792735719565e-06	9471	Ferritin Brain Pituitary sQTL.tsv
Ferritin	Brain	sQTL	sQTL_GTEx_Brain_Hypothalamus	chr8:108233672:108234998:clu_46704:ENSG00000104408.9	EIF3E	8	108233672	rs679077	-0.03169	0.00695938	5.274528e-06	0.953565	20	4.43655723158829e-05	1127	Ferritin Brain Pituitary sQTL.tsv
Ferritin	Brain	sQTL	sQTL_GTEx_Brain_Caudate_basal_ganglia	chr11:60383288:60386717:clu_5855:ENSG00000166927.12	MS4A7	11	60383288	rs2241921	0.0253398	0.00557972	5.587808e-06	0.6498402	20	3.80228136882129e-05	1315	Ferritin Brain Pituitary sQTL.tsv
Ferritin	Brain	sQTL	sQTL_GTEx_Brain_Caudate_basal_ganglia	chr1:45329437:45330516:clu_41503:ENSG00000132781.17	MUTYH	1	45329437	rs12139364	0.0141205	0.00311075	5.644964e-06	0.2692618	20	3.80228136882129e-05	1315	Ferritin Brain Pituitary sQTL.tsv
Ferritin	Blood	sQTL	sQTL_GTEx_Whole_Blood	chr4:15605799:15612266:clu_33205:ENSG00000118564.14	FBXL5	4	15605799	rs7688984	0.0265205	0.00587776	6.421529e-06	0.06429497	20	2.5974025974026e-05	1925	Ferritin Blood Spleen sQTL.tsv
Ferritin	Brain	sQTL	sQTL_GTEx_Brain_Hippocampus	chr1:45329437:45330516:clu_37721:ENSG00000132781.17	MUTYH	1	45329437	rs12139364	0.0130135	0.00288954	6.679245e-06	0.6620527	20	5.08646998982706e-05	983	Ferritin Brain Pituitary sQTL.tsv
Ferritin	Brain	sQTL	sQTL_GTEx_Brain_Cortex	chr16:4683932:4688796:clu_13664:ENSG00000102858.12	MGRN1	16	4683932	rs841225	0.0139	0.00309276	6.977435e-06	0.2242923	20	3.35795836131632e-05	1489	Ferritin Brain Pituitary sQTL.tsv
Ferritin	Brain	sQTL	sQTL_GTEx_Brain_Cerebellar_Hemisphere	chr16:4764778:4765565:clu_13897:ENSG00000103199.13	ZNF500	16	4764778	rs9936227	0.0218509	0.00486961	7.216598e-06	0.5845234	20	2.77008310249308e-05	1805	Ferritin Brain Pituitary sQTL.tsv
Ferritin	Brain	sQTL	sQTL_GTEx_Brain_Putamen_basal_ganglia	chr1:45329437:45330516:clu_37010:ENSG00000132781.17	MUTYH	1	45329437	rs12139364	0.0139893	0.00311976	7.322291e-06	0.6096743	20	4.71698113207547e-05	1060	Ferritin Brain Pituitary sQTL.tsv
Ferritin	Brain	sQTL	sQTL_GTEx_Brain_Spinal_cord_cervical_c-1	chr1:45329437:45330516:clu_36058:ENSG00000132781.17	MUTYH	1	45329437	rs12139364	0.0115548	0.00257788	7.383959e-06	0.4367336	20	5.33049040511727e-05	938	Ferritin Brain Pituitary sQTL.tsv
Ferritin	Spleen	sQTL	sQTL_GTEx_Spleen	chr16:4683932:4686259:clu_14742:ENSG00000102858.12	MGRN1	16	4683932	rs841225	-0.0143125	0.0031951	7.481736e-06	0.04515855	20	2.49875062468766e-05	2001	Ferritin Blood Spleen sQTL.tsv
Ferritin	Brain	sQTL	sQTL_GTEx_Brain_Hypothalamus	chr11:60383288:60386717:clu_5748:ENSG00000166927.12	MS4A7	11	60383288	rs950802	0.0303864	0.00678924	7.616919e-06	0.362564	20	4.43655723158829e-05	1127	Ferritin Brain Pituitary sQTL.tsv
Ferritin	Brain	sQTL	sQTL_GTEx_Brain_Cortex	chr1:45329437:45330516:clu_42641:ENSG00000132781.17	MUTYH	1	45329437	rs12139364	0.0161277	0.00361341	8.071016e-06	0.2080843	20	3.35795836131632e-05	1489	Ferritin Brain Pituitary sQTL.tsv
Ferritin	Liver	sQTL	sQTL_GTEx_Liver	chr1:45329437:45330516:clu_36528:ENSG00000132781.17	MUTYH	1	45329437	rs12139364	0.015363	0.00344271	8.102343e-06	0.4452406	20	4.19463087248322e-05	1192	Ferritin Liver Kidney sQTL.tsv
Ferritin	Pituitary	sQTL	sQTL_GTEx_Pituitary	chr16:4683932:4686259:clu_16224:ENSG00000102858.12	MGRN1	16	4683932	rs841225	-0.0160673	0.00360367	8.249751e-06	0.1661917	20	2.44259892525647e-05	2047	Ferritin Brain Pituitary sQTL.tsv
Ferritin	Brain	sQTL	sQTL_GTEx_Brain_Frontal_Cortex_BA9	chr1:45329437:45330516:clu_39676:ENSG00000132781.17	MUTYH	1	45329437	rs12139364	0.0135249	0.00303357	8.257634e-06	0.5951679	20	3.89408099688474e-05	1284	Ferritin Brain Pituitary sQTL.tsv
Ferritin	Brain	sQTL	sQTL_GTEx_Brain_Cerebellar_Hemisphere	chr16:4683932:4686259:clu_13884:ENSG00000102858.12	MGRN1	16	4683932	rs844488	-0.01141	0.00256391	8.578269e-06	0.04931658	20	2.77008310249308e-05	1805	Ferritin Brain Pituitary sQTL.tsv
Ferritin	Brain	sQTL	sQTL_GTEx_Brain_Cerebellum	chr16:4764778:4765565:clu_14506:ENSG00000103199.13	ZNF500	16	4764778	rs9936227	0.0230269	0.00517532	8.612495e-06	0.6658568	20	2.53678335870117e-05	1971	Ferritin Brain Pituitary sQTL.tsv
Ferritin	Brain	sQTL	sQTL_GTEx_Brain_Frontal_Cortex_BA9	chr16:4683932:4688796:clu_12644:ENSG00000102858.12	MGRN1	16	4683932	rs841225	0.0146843	0.00330369	8.796869e-06	0.2496251	20	3.89408099688474e-05	1284	Ferritin Brain Pituitary sQTL.tsv
Ferritin	Brain	sQTL	sQTL_GTEx_Brain_Cerebellar_Hemisphere	chr1:45330068:45330516:clu_43275:ENSG00000132781.17	MUTYH	1	45330068	rs1765709	-0.0114056	0.00257054	9.119399e-06	0.3488685	20	2.77008310249308e-05	1805	Ferritin Brain Pituitary sQTL.tsv
Ferritin	Brain	sQTL	sQTL_GTEx_Brain_Hypothalamus	chr1:45329437:45330516:clu_40489:ENSG00000132781.17	MUTYH	1	45329437	rs12139364	0.0129652	0.00293574	1.00392e-05	0.7201646	20	4.43655723158829e-05	1127	Ferritin Brain Pituitary sQTL.tsv
Ferritin	Blood	sQTL	sQTL_GTEx_Whole_Blood	chr8:108233672:108234998:clu_49289:ENSG00000104408.9	EIF3E	8	108233672	rs4735053	-0.0313799	0.00711169	1.022157e-05	0.04369863	20	2.5974025974026e-05	1925	Ferritin Blood Spleen sQTL.tsv
Ferritin	Liver	sQTL	sQTL_GTEx_Liver	chr10:50882705:50885581:clu_7373:ENSG00000148584.14	A1CF	10	50882705	rs12783070	0.0303338	0.00688452	1.052546e-05	0.3595211	17	4.19463087248322e-05	1192	Ferritin Liver Kidney sQTL.tsv
Ferritin	Brain	sQTL	sQTL_GTEx_Brain_Cerebellum	chr9:136432586:136432956:clu_51145:ENSG00000148384.12	INPP5E	9	136432586	rs34302850	0.0130225	0.00296459	1.119671e-05	0.04426645	20	2.53678335870117e-05	1971	Ferritin Brain Pituitary sQTL.tsv
Ferritin	Spleen	sQTL	sQTL_GTEx_Spleen	chr11:60403061:60415437:clu_6629:ENSG00000166928.10	MS4A14	11	60403061	rs10897057	0.0221846	0.00506091	1.167724e-05	0.0298638	20	2.49875062468766e-05	2001	Ferritin Blood Spleen sQTL.tsv
Ferritin	Brain	sQTL	sQTL_GTEx_Brain_Nucleus_accumbens_basal_ganglia	chr16:4683932:4686259:clu_13499:ENSG00000102858.12	MGRN1	16	4683932	rs841225	-0.0173418	0.00397387	1.277259e-05	0.1745767	20	3.60230547550432e-05	1388	Ferritin Brain Pituitary sQTL.tsv
Ferritin	Pituitary	sQTL	sQTL_GTEx_Pituitary	chr9:136432586:136432956:clu_57373:ENSG00000148384.12	INPP5E	9	136432586	rs34302850	0.0144413	0.00331755	1.342831e-05	0.2537812	20	2.44259892525647e-05	2047	Ferritin Brain Pituitary sQTL.tsv
Ferritin	Blood	sQTL	sQTL_GTEx_Whole_Blood	chr17:3930434:3930803:clu_10138:ENSG00000074370.17	ATP2A3	17	3930434	rs35586043	0.0446866	0.0102977	1.428322e-05	0.2923834	14	2.5974025974026e-05	1925	Ferritin Blood Spleen sQTL.tsv
Ferritin	Brain	sQTL	sQTL_GTEx_Brain_Caudate_basal_ganglia	chr16:4683932:4686259:clu_13218:ENSG00000102858.12	MGRN1	16	4683932	rs841225	-0.0149819	0.00345754	1.47023e-05	0.3492886	20	3.80228136882129e-05	1315	Ferritin Brain Pituitary sQTL.tsv
Ferritin	Brain	sQTL	sQTL_GTEx_Brain_Cerebellar_Hemisphere	chr9:136432586:136432956:clu_48637:ENSG00000148384.12	INPP5E	9	136432586	rs34302850	0.0131346	0.00303442	1.501092e-05	0.04771819	20	2.77008310249308e-05	1805	Ferritin Brain Pituitary sQTL.tsv
Ferritin	Brain	sQTL	sQTL_GTEx_Brain_Anterior_cingulate_cortex_BA24	chr1:45329437:45330516:clu_36616:ENSG00000132781.17	MUTYH	1	45329437	rs66732088	0.0147214	0.00340663	1.550517e-05	0.1458322	20	4.90196078431373e-05	1020	Ferritin Brain Pituitary sQTL.tsv
Ferritin	Brain	sQTL	sQTL_GTEx_Brain_Cerebellum	chr17:68450897:68457342:clu_13027:ENSG00000070540.12	WIPI1	17	68450897	rs2952294	-0.0377703	0.00876587	1.641544e-05	0.9865518	15	2.53678335870117e-05	1971	Ferritin Brain Pituitary sQTL.tsv
Ferritin	Brain	sQTL	sQTL_GTEx_Brain_Cerebellar_Hemisphere	chr19:48714045:48714366:clu_21915:ENSG00000176909.11	MAMSTR	19	48714045	rs12979278	0.0307132	0.00713362	1.666731e-05	0.01402418	20	2.77008310249308e-05	1805	Ferritin Brain Pituitary sQTL.tsv
Ferritin	Brain	sQTL	sQTL_GTEx_Brain_Cortex	chr9:136432583:136432956:clu_47799:ENSG00000148384.12	INPP5E	9	136432583	rs34302850	-0.0152246	0.00354461	1.74587e-05	0.1534459	20	3.35795836131632e-05	1489	Ferritin Brain Pituitary sQTL.tsv
Ferritin	Brain	sQTL	sQTL_GTEx_Brain_Cerebellar_Hemisphere	chr11:61790602:61792556:clu_6206:ENSG00000134825.15	TMEM258	11	61790602	rs102274	-0.0215761	0.00503311	1.812417e-05	0.08161857	20	2.77008310249308e-05	1805	Ferritin Brain Pituitary sQTL.tsv
Ferritin	Brain	sQTL	sQTL_GTEx_Brain_Cerebellar_Hemisphere	chr11:61790602:61792556:clu_6206:ENSG00000149485.18	FADS1	11	61790602	rs102274	-0.0215761	0.00503311	1.812417e-05	0.08161857	20	2.77008310249308e-05	1805	Ferritin Brain Pituitary sQTL.tsv
Ferritin	Brain	sQTL	sQTL_GTEx_Brain_Putamen_basal_ganglia	chr16:4683932:4686259:clu_11857:ENSG00000102858.12	MGRN1	16	4683932	rs841225	-0.0157778	0.00369646	1.969326e-05	0.1121914	20	4.71698113207547e-05	1060	Ferritin Brain Pituitary sQTL.tsv
Ferritin	Pituitary	sQTL	sQTL_GTEx_Pituitary	chr8:108233672:108234998:clu_59049:ENSG00000104408.9	EIF3E	8	108233672	rs7015513	-0.021974	0.00515088	1.989417e-05	0.2000146	20	2.44259892525647e-05	2047	Ferritin Brain Pituitary sQTL.tsv
Ferritin	Brain	sQTL	sQTL_GTEx_Brain_Spinal_cord_cervical_c-1	chr16:4683932:4686259:clu_11556:ENSG00000102858.12	MGRN1	16	4683932	rs841225	-0.0147098	0.00345152	2.027547e-05	0.2937483	20	5.33049040511727e-05	938	Ferritin Brain Pituitary sQTL.tsv
Ferritin	Liver	sQTL	sQTL_GTEx_Liver	chr16:4683932:4688796:clu_11788:ENSG00000102858.12	MGRN1	16	4683932	rs844488	0.0172368	0.00404762	2.057997e-05	0.5685143	20	4.19463087248322e-05	1192	Ferritin Liver Kidney sQTL.tsv
Ferritin	Liver	sQTL	sQTL_GTEx_Liver	chr11:126328888:126330194:clu_6721:ENSG00000110063.8	DCPS	11	126328888	rs240548	-0.0129436	0.00304293	2.102914e-05	0.2107912	20	4.19463087248322e-05	1192	Ferritin Liver Kidney sQTL.tsv
Ferritin	Brain	sQTL	sQTL_GTEx_Brain_Substantia_nigra	chr1:45329437:45330516:clu_32472:ENSG00000132781.17	MUTYH	1	45329437	rs66732088	0.0124885	0.00293679	2.114689e-05	0.6755803	20	6.89655172413793e-05	725	Ferritin Brain Pituitary sQTL.tsv
Ferritin	Brain	sQTL	sQTL_GTEx_Brain_Frontal_Cortex_BA9	chr9:136432586:136432956:clu_44442:ENSG00000148384.12	INPP5E	9	136432586	rs34302850	0.0144839	0.00340658	2.121299e-05	0.09768452	20	3.89408099688474e-05	1284	Ferritin Brain Pituitary sQTL.tsv
Ferritin	Spleen	sQTL	sQTL_GTEx_Spleen	chr9:136432583:136432956:clu_51671:ENSG00000148384.12	INPP5E	9	136432583	rs34619169	-0.0132788	0.00312637	2.163109e-05	0.2492587	20	2.49875062468766e-05	2001	Ferritin Blood Spleen sQTL.tsv
Ferritin	Blood	sQTL	sQTL_GTEx_Whole_Blood	chr3:188341719:188406112:clu_37240:ENSG00000145012.13	LPP	3	188341719	rs6787621	0.0146061	0.00344829	2.277742e-05	0.468679	20	2.5974025974026e-05	1925	Ferritin Blood Spleen sQTL.tsv
Ferritin	Brain	sQTL	sQTL_GTEx_Brain_Hippocampus	chr16:4683932:4686259:clu_12067:ENSG00000102858.12	MGRN1	16	4683932	rs841225	-0.0158857	0.00375205	2.296952e-05	0.1937755	20	5.08646998982706e-05	983	Ferritin Brain Pituitary sQTL.tsv
Ferritin	Brain	sQTL	sQTL_GTEx_Brain_Amygdala	chr1:45329437:45330516:clu_33910:ENSG00000132781.17	MUTYH	1	45329437	rs12139364	0.0142648	0.00337409	2.360299e-05	0.817414	20	6.02409638554217e-05	830	Ferritin Brain Pituitary sQTL.tsv
Ferritin	Blood	sQTL	sQTL_GTEx_Whole_Blood	chr5:132866691:132866869:clu_32024:ENSG00000164405.10	UQCRQ	5	132866691	rs30177	0.0253808	0.00600371	2.362876e-05	0.3004255	20	2.5974025974026e-05	1925	Ferritin Blood Spleen sQTL.tsv
Ferritin	Brain	sQTL	sQTL_GTEx_Brain_Cortex	chr5:132866691:132866869:clu_31891:ENSG00000164405.10	UQCRQ	5	132866691	rs30177	0.0145251	0.00343676	2.374749e-05	0.362568	20	3.35795836131632e-05	1489	Ferritin Brain Pituitary sQTL.tsv
Ferritin	Liver	sQTL	sQTL_GTEx_Liver	chr2:119231034:119245489:clu_33634:ENSG00000115107.19	STEAP3	2	119231034	rs864505	0.0272109	0.00644749	2.438882e-05	0.5135502	20	4.19463087248322e-05	1192	Ferritin Liver Kidney sQTL.tsv
Ferritin	Brain	sQTL	sQTL_GTEx_Brain_Hypothalamus	chr16:4683932:4686259:clu_12890:ENSG00000102858.12	MGRN1	16	4683932	rs844488	-0.0151883	0.00360028	2.457636e-05	0.3511845	20	4.43655723158829e-05	1127	Ferritin Brain Pituitary sQTL.tsv
Ferritin	Brain	sQTL	sQTL_GTEx_Brain_Anterior_cingulate_cortex_BA24	chr16:4683932:4686259:clu_11668:ENSG00000102858.12	MGRN1	16	4683932	rs841225	-0.0168558	0.00400092	2.520281e-05	0.3242754	20	4.90196078431373e-05	1020	Ferritin Brain Pituitary sQTL.tsv
Ferritin	Liver	sQTL	sQTL_GTEx_Liver	chr3:133759329:133764182:clu_31377:ENSG00000091513.14	TF	3	133759329	rs3811647	-0.02203	0.00526893	2.900915e-05	0.4177995	20	4.19463087248322e-05	1192	Ferritin Liver Kidney sQTL.tsv
Ferritin	Brain	sQTL	sQTL_GTEx_Brain_Spinal_cord_cervical_c-1	chr11:47412467:47413597:clu_4987:ENSG00000165915.13	SLC39A13	11	47412467	rs896817	0.0316353	0.00758128	3.008566e-05	0.01527879	20	5.33049040511727e-05	938	Ferritin Brain Pituitary sQTL.tsv
Ferritin	Brain	sQTL	sQTL_GTEx_Brain_Frontal_Cortex_BA9	chr5:132866691:132866869:clu_29616:ENSG00000164405.10	UQCRQ	5	132866691	rs803221	0.013955	0.00334827	3.075342e-05	0.375299	18	3.89408099688474e-05	1284	Ferritin Brain Pituitary sQTL.tsv
Ferritin	Brain	sQTL	sQTL_GTEx_Brain_Caudate_basal_ganglia	chr5:132866691:132866869:clu_30977:ENSG00000164405.10	UQCRQ	5	132866691	rs30177	0.0162976	0.00392144	3.238487e-05	0.07676066	19	3.80228136882129e-05	1315	Ferritin Brain Pituitary sQTL.tsv
Ferritin	Brain	sQTL	sQTL_GTEx_Brain_Amygdala	chr16:4683932:4686259:clu_10871:ENSG00000102858.12	MGRN1	16	4683932	rs844488	-0.0137156	0.00330074	3.248627e-05	0.128402	20	6.02409638554217e-05	830	Ferritin Brain Pituitary sQTL.tsv
Ferritin	Brain	sQTL	sQTL_GTEx_Brain_Substantia_nigra	chr16:4683932:4688796:clu_10451:ENSG00000102858.12	MGRN1	16	4683932	rs841228	0.0166029	0.00402496	3.707719e-05	0.5286445	20	6.89655172413793e-05	725	Ferritin Brain Pituitary sQTL.tsv
Ferritin	Liver	sQTL	sQTL_GTEx_Liver	chr11:46728837:46739048:clu_5013:ENSG00000180210.14	F2	11	46728837	rs2282686	0.0158467	0.00384921	3.840605e-05	0.1042776	20	4.19463087248322e-05	1192	Ferritin Liver Kidney sQTL.tsv
Ferritin	Liver	sQTL	sQTL_GTEx_Liver	chr9:136432586:136432956:clu_40988:ENSG00000148384.12	INPP5E	9	136432586	rs34985258	0.0248052	0.00602596	3.848521e-05	0.1708582	20	4.19463087248322e-05	1192	Ferritin Liver Kidney sQTL.tsv
Ferritin	Liver	sQTL	sQTL_GTEx_Liver	chr5:132866691:132866869:clu_27392:ENSG00000164405.10	UQCRQ	5	132866691	rs30177	0.0177123	0.00431803	4.096861e-05	0.5429674	12	4.19463087248322e-05	1192	Ferritin Liver Kidney sQTL.tsv
Ferritin	Brain	sQTL	sQTL_GTEx_Brain_Hypothalamus	chr9:136432583:136432956:clu_45369:ENSG00000148384.12	INPP5E	9	136432583	rs34302850	-0.0167556	0.00408804	4.154949e-05	0.2564645	20	4.43655723158829e-05	1127	Ferritin Brain Pituitary sQTL.tsv
Ferritin	Brain	sQTL	sQTL_GTEx_Brain_Amygdala	chr5:132866691:132866869:clu_25410:ENSG00000164405.10	UQCRQ	5	132866691	rs803221	0.013634	0.0033402	4.469281e-05	0.2366338	14	6.02409638554217e-05	830	Ferritin Brain Pituitary sQTL.tsv
Ferritin	KidneyCortex	sQTL	sQTL_GTEx_Kidney_Cortex	chr1:45330068:45330516:clu_31554:ENSG00000132781.17	MUTYH	1	45330068	rs1765709	-0.0115698	0.00296527	9.549243e-05	0.3116326	14	0.000108695652173913	460	Ferritin Liver Kidney sQTL.tsv
